Entity,Code,Year,"7.a.1 - International financial flows to developing countries in support of clean energy research and development and renewable energy production, including in hybrid systems (millions of constant 2021 United States dollars) - EG_IFF_RANDN - All renewables"
Afghanistan,AFG,2000,30000
Afghanistan,AFG,2001,140000
Afghanistan,AFG,2002,4390000
Afghanistan,AFG,2003,28330000
Afghanistan,AFG,2004,0
Afghanistan,AFG,2005,10770000
Afghanistan,AFG,2006,11620000
Afghanistan,AFG,2007,17530000
Afghanistan,AFG,2008,18000000
Afghanistan,AFG,2009,11020000
Afghanistan,AFG,2010,39820000
Afghanistan,AFG,2011,32280000
Afghanistan,AFG,2012,68790000
Afghanistan,AFG,2013,294860000
Afghanistan,AFG,2014,7700000
Afghanistan,AFG,2015,5440000
Afghanistan,AFG,2016,940000
Afghanistan,AFG,2017,55220000
Afghanistan,AFG,2018,78320000
Afghanistan,AFG,2019,5000000
Afghanistan,AFG,2020,52550000
Afghanistan,AFG,2021,10000
Afghanistan,AFG,2022,64440000
Algeria,DZA,2000,0
Algeria,DZA,2001,890000
Algeria,DZA,2002,320000
Algeria,DZA,2003,100000
Algeria,DZA,2004,150000
Algeria,DZA,2005,180000
Algeria,DZA,2006,0
Algeria,DZA,2007,0
Algeria,DZA,2008,0
Algeria,DZA,2009,2410000
Algeria,DZA,2010,430000
Algeria,DZA,2011,0
Algeria,DZA,2012,950000
Algeria,DZA,2013,940000
Algeria,DZA,2014,940000
Algeria,DZA,2015,900000
Algeria,DZA,2016,170000
Algeria,DZA,2017,10000
Algeria,DZA,2018,50000
Algeria,DZA,2019,60000
Algeria,DZA,2020,10000
Algeria,DZA,2021,100000
Algeria,DZA,2022,6740000
Angola,AGO,2000,0
Angola,AGO,2001,0
Angola,AGO,2002,0
Angola,AGO,2003,50000
Angola,AGO,2004,40000
Angola,AGO,2005,0
Angola,AGO,2006,0
Angola,AGO,2007,800000
Angola,AGO,2008,0
Angola,AGO,2009,0
Angola,AGO,2010,20000
Angola,AGO,2011,240000
Angola,AGO,2012,10000
Angola,AGO,2013,0
Angola,AGO,2014,124560000
Angola,AGO,2015,20000
Angola,AGO,2016,4951880000
Angola,AGO,2017,0
Angola,AGO,2018,130000
Angola,AGO,2019,60000
Angola,AGO,2020,70000
Angola,AGO,2021,0
Angola,AGO,2022,82840000
Antigua and Barbuda,ATG,2000,0
Antigua and Barbuda,ATG,2001,0
Antigua and Barbuda,ATG,2002,0
Antigua and Barbuda,ATG,2003,0
Antigua and Barbuda,ATG,2004,0
Antigua and Barbuda,ATG,2005,0
Antigua and Barbuda,ATG,2006,0
Antigua and Barbuda,ATG,2007,0
Antigua and Barbuda,ATG,2008,0
Antigua and Barbuda,ATG,2009,0
Antigua and Barbuda,ATG,2010,0
Antigua and Barbuda,ATG,2011,0
Antigua and Barbuda,ATG,2012,0
Antigua and Barbuda,ATG,2013,2820000
Antigua and Barbuda,ATG,2014,0
Antigua and Barbuda,ATG,2015,7550000
Antigua and Barbuda,ATG,2016,0
Antigua and Barbuda,ATG,2017,21390000
Antigua and Barbuda,ATG,2018,0
Antigua and Barbuda,ATG,2019,0
Antigua and Barbuda,ATG,2020,6960000
Antigua and Barbuda,ATG,2021,0
Antigua and Barbuda,ATG,2022,0
Argentina,ARG,2000,0
Argentina,ARG,2001,4210000
Argentina,ARG,2002,0
Argentina,ARG,2003,60000
Argentina,ARG,2004,44610000
Argentina,ARG,2005,310000
Argentina,ARG,2006,490000
Argentina,ARG,2007,410000
Argentina,ARG,2008,25050000
Argentina,ARG,2009,42690000
Argentina,ARG,2010,1160000
Argentina,ARG,2011,75660000
Argentina,ARG,2012,286710000
Argentina,ARG,2013,52220000
Argentina,ARG,2014,2783410000
Argentina,ARG,2015,124430000
Argentina,ARG,2016,273900000
Argentina,ARG,2017,561920000
Argentina,ARG,2018,427780000
Argentina,ARG,2019,506210000
Argentina,ARG,2020,93010000
Argentina,ARG,2021,2900000
Argentina,ARG,2022,88820000
Armenia,ARM,2000,0
Armenia,ARM,2001,8540000
Armenia,ARM,2002,60000
Armenia,ARM,2003,3050000
Armenia,ARM,2004,11480000
Armenia,ARM,2005,3380000
Armenia,ARM,2006,14710000
Armenia,ARM,2007,1730000
Armenia,ARM,2008,110000
Armenia,ARM,2009,520000
Armenia,ARM,2010,102880000
Armenia,ARM,2011,1110000
Armenia,ARM,2012,82080000
Armenia,ARM,2013,28340000
Armenia,ARM,2014,10220000
Armenia,ARM,2015,25470000
Armenia,ARM,2016,132539999.99999999
Armenia,ARM,2017,1730000
Armenia,ARM,2018,30330000
Armenia,ARM,2019,60700000
Armenia,ARM,2020,27960000
Armenia,ARM,2021,52850000
Armenia,ARM,2022,1190000
Azerbaijan,AZE,2000,5170000
Azerbaijan,AZE,2001,0
Azerbaijan,AZE,2002,0
Azerbaijan,AZE,2003,0
Azerbaijan,AZE,2004,0
Azerbaijan,AZE,2005,2460000
Azerbaijan,AZE,2006,560000
Azerbaijan,AZE,2007,0
Azerbaijan,AZE,2008,0
Azerbaijan,AZE,2009,180000
Azerbaijan,AZE,2010,204650000
Azerbaijan,AZE,2011,20000
Azerbaijan,AZE,2012,0
Azerbaijan,AZE,2013,0
Azerbaijan,AZE,2014,20000
Azerbaijan,AZE,2015,85030000
Azerbaijan,AZE,2016,10000
Azerbaijan,AZE,2017,20000
Azerbaijan,AZE,2018,0
Azerbaijan,AZE,2019,10000
Azerbaijan,AZE,2020,10000
Azerbaijan,AZE,2021,10000
Azerbaijan,AZE,2022,262750000
Bahamas,BHS,2000,0
Bahamas,BHS,2001,0
Bahamas,BHS,2002,0
Bahamas,BHS,2003,0
Bahamas,BHS,2004,0
Bahamas,BHS,2005,0
Bahamas,BHS,2006,0
Bahamas,BHS,2007,0
Bahamas,BHS,2008,0
Bahamas,BHS,2009,0
Bahamas,BHS,2010,0
Bahamas,BHS,2011,0
Bahamas,BHS,2012,0
Bahamas,BHS,2013,0
Bahamas,BHS,2014,0
Bahamas,BHS,2015,0
Bahamas,BHS,2016,0
Bahamas,BHS,2017,20000
Bahamas,BHS,2018,120000
Bahamas,BHS,2019,620000
Bahamas,BHS,2020,202030000
Bahamas,BHS,2021,2400000
Bahamas,BHS,2022,0
Bangladesh,BGD,2000,3360000
Bangladesh,BGD,2001,0
Bangladesh,BGD,2002,35070000
Bangladesh,BGD,2003,50870000
Bangladesh,BGD,2004,18700000
Bangladesh,BGD,2005,43380000
Bangladesh,BGD,2006,20000
Bangladesh,BGD,2007,55640000
Bangladesh,BGD,2008,10000
Bangladesh,BGD,2009,29890000
Bangladesh,BGD,2010,190000
Bangladesh,BGD,2011,258630000
Bangladesh,BGD,2012,162950000
Bangladesh,BGD,2013,113080000
Bangladesh,BGD,2014,99270000
Bangladesh,BGD,2015,8540000
Bangladesh,BGD,2016,458150000
Bangladesh,BGD,2017,266700000
Bangladesh,BGD,2018,258880000
Bangladesh,BGD,2019,150390000
Bangladesh,BGD,2020,25680000
Bangladesh,BGD,2021,323730000
Bangladesh,BGD,2022,112120000
Barbados,BRB,2000,0
Barbados,BRB,2001,0
Barbados,BRB,2002,0
Barbados,BRB,2003,0
Barbados,BRB,2004,0
Barbados,BRB,2005,0
Barbados,BRB,2006,0
Barbados,BRB,2007,0
Barbados,BRB,2008,0
Barbados,BRB,2009,0
Barbados,BRB,2010,0
Barbados,BRB,2011,0
Barbados,BRB,2012,0
Barbados,BRB,2013,0
Barbados,BRB,2014,0
Barbados,BRB,2015,90000
Barbados,BRB,2016,9700000
Barbados,BRB,2017,0
Barbados,BRB,2018,50000
Barbados,BRB,2019,37330000
Barbados,BRB,2020,0
Barbados,BRB,2021,0
Barbados,BRB,2022,0
Belarus,BLR,2000,0
Belarus,BLR,2001,0
Belarus,BLR,2002,0
Belarus,BLR,2003,0
Belarus,BLR,2004,0
Belarus,BLR,2005,0
Belarus,BLR,2006,0
Belarus,BLR,2007,290000
Belarus,BLR,2008,60000
Belarus,BLR,2009,190000
Belarus,BLR,2010,259570000
Belarus,BLR,2011,20000
Belarus,BLR,2012,3230000
Belarus,BLR,2013,280000
Belarus,BLR,2014,67060000
Belarus,BLR,2015,20000
Belarus,BLR,2016,150000
Belarus,BLR,2017,130000
Belarus,BLR,2018,17090000
Belarus,BLR,2019,170670000
Belarus,BLR,2020,380000
Belarus,BLR,2021,0
Belarus,BLR,2022,0
Belize,BLZ,2000,0
Belize,BLZ,2001,0
Belize,BLZ,2002,0
Belize,BLZ,2003,0
Belize,BLZ,2004,0
Belize,BLZ,2005,0
Belize,BLZ,2006,0
Belize,BLZ,2007,0
Belize,BLZ,2008,0
Belize,BLZ,2009,4650000
Belize,BLZ,2010,0
Belize,BLZ,2011,0
Belize,BLZ,2012,0
Belize,BLZ,2013,0
Belize,BLZ,2014,0
Belize,BLZ,2015,20000
Belize,BLZ,2016,1800000
Belize,BLZ,2017,10000
Belize,BLZ,2018,17530000
Belize,BLZ,2019,290000
Belize,BLZ,2020,20000
Belize,BLZ,2021,3000000
Belize,BLZ,2022,40000
Benin,BEN,2000,0
Benin,BEN,2001,0
Benin,BEN,2002,100000
Benin,BEN,2003,0
Benin,BEN,2004,0
Benin,BEN,2005,0
Benin,BEN,2006,9300000
Benin,BEN,2007,0
Benin,BEN,2008,640000
Benin,BEN,2009,9670000
Benin,BEN,2010,200000
Benin,BEN,2011,400000
Benin,BEN,2012,80000
Benin,BEN,2013,0
Benin,BEN,2014,14270000
Benin,BEN,2015,18830000
Benin,BEN,2016,1370000
Benin,BEN,2017,288570000
Benin,BEN,2018,2060000
Benin,BEN,2019,40000
Benin,BEN,2020,1870000
Benin,BEN,2021,44320000
Benin,BEN,2022,103940000
Bhutan,BTN,2000,5420000
Bhutan,BTN,2001,2750000
Bhutan,BTN,2002,28620000
Bhutan,BTN,2003,0
Bhutan,BTN,2004,0
Bhutan,BTN,2005,1460000
Bhutan,BTN,2006,130000
Bhutan,BTN,2007,930000
Bhutan,BTN,2008,4900000
Bhutan,BTN,2009,90650000
Bhutan,BTN,2010,25000000
Bhutan,BTN,2011,100000
Bhutan,BTN,2012,4040000
Bhutan,BTN,2013,40330000
Bhutan,BTN,2014,2150000
Bhutan,BTN,2015,138130000
Bhutan,BTN,2016,60000
Bhutan,BTN,2017,20000
Bhutan,BTN,2018,120000
Bhutan,BTN,2019,770000
Bhutan,BTN,2020,800000
Bhutan,BTN,2021,800000
Bhutan,BTN,2022,19940000
Bolivia,BOL,2000,100000
Bolivia,BOL,2001,850000
Bolivia,BOL,2002,80000
Bolivia,BOL,2003,17810000
Bolivia,BOL,2004,40000
Bolivia,BOL,2005,160000
Bolivia,BOL,2006,460000
Bolivia,BOL,2007,450000
Bolivia,BOL,2008,920000
Bolivia,BOL,2009,109720000
Bolivia,BOL,2010,5360000
Bolivia,BOL,2011,1370000
Bolivia,BOL,2012,5340000
Bolivia,BOL,2013,81650000
Bolivia,BOL,2014,39610000
Bolivia,BOL,2015,2069999.9999999998
Bolivia,BOL,2016,1264510000
Bolivia,BOL,2017,647850000
Bolivia,BOL,2018,89600000
Bolivia,BOL,2019,950000
Bolivia,BOL,2020,3350000
Bolivia,BOL,2021,260000
Bolivia,BOL,2022,3700000
Bosnia and Herzegovina,BIH,2000,0
Bosnia and Herzegovina,BIH,2001,7170000
Bosnia and Herzegovina,BIH,2002,330000
Bosnia and Herzegovina,BIH,2003,0
Bosnia and Herzegovina,BIH,2004,7830000
Bosnia and Herzegovina,BIH,2005,0
Bosnia and Herzegovina,BIH,2006,13240000
Bosnia and Herzegovina,BIH,2007,300000
Bosnia and Herzegovina,BIH,2008,25140000
Bosnia and Herzegovina,BIH,2009,110000
Bosnia and Herzegovina,BIH,2010,103890000
Bosnia and Herzegovina,BIH,2011,72360000
Bosnia and Herzegovina,BIH,2012,1040000
Bosnia and Herzegovina,BIH,2013,104480000
Bosnia and Herzegovina,BIH,2014,176570000
Bosnia and Herzegovina,BIH,2015,7050000
Bosnia and Herzegovina,BIH,2016,3990000
Bosnia and Herzegovina,BIH,2017,89190000
Bosnia and Herzegovina,BIH,2018,1480000
Bosnia and Herzegovina,BIH,2019,22290000
Bosnia and Herzegovina,BIH,2020,3980000
Bosnia and Herzegovina,BIH,2021,490000
Bosnia and Herzegovina,BIH,2022,810000
Botswana,BWA,2000,40000
Botswana,BWA,2001,0
Botswana,BWA,2002,0
Botswana,BWA,2003,0
Botswana,BWA,2004,40000
Botswana,BWA,2005,30000
Botswana,BWA,2006,70000
Botswana,BWA,2007,10000
Botswana,BWA,2008,0
Botswana,BWA,2009,7360000
Botswana,BWA,2010,10240000
Botswana,BWA,2011,80000
Botswana,BWA,2012,530000
Botswana,BWA,2013,0
Botswana,BWA,2014,2790000
Botswana,BWA,2015,0
Botswana,BWA,2016,10000
Botswana,BWA,2017,20000
Botswana,BWA,2018,10000
Botswana,BWA,2019,0
Botswana,BWA,2020,0
Botswana,BWA,2021,41670000
Botswana,BWA,2022,4780000
Brazil,BRA,2000,137610000
Brazil,BRA,2001,5760000
Brazil,BRA,2002,36370000
Brazil,BRA,2003,8199999.999999999
Brazil,BRA,2004,1260000
Brazil,BRA,2005,12750000
Brazil,BRA,2006,1360000
Brazil,BRA,2007,1000000
Brazil,BRA,2008,21720000
Brazil,BRA,2009,193360000
Brazil,BRA,2010,152480000
Brazil,BRA,2011,191210000
Brazil,BRA,2012,254810000
Brazil,BRA,2013,102340000
Brazil,BRA,2014,540620000
Brazil,BRA,2015,2460000
Brazil,BRA,2016,194980000
Brazil,BRA,2017,632560000
Brazil,BRA,2018,316110000
Brazil,BRA,2019,537680000
Brazil,BRA,2020,1190460000
Brazil,BRA,2021,738140000
Brazil,BRA,2022,1213550000
Burkina Faso,BFA,2000,140000
Burkina Faso,BFA,2001,16920000
Burkina Faso,BFA,2002,20000
Burkina Faso,BFA,2003,0
Burkina Faso,BFA,2004,5730000
Burkina Faso,BFA,2005,17470000
Burkina Faso,BFA,2006,0
Burkina Faso,BFA,2007,3890000
Burkina Faso,BFA,2008,8820000
Burkina Faso,BFA,2009,780000
Burkina Faso,BFA,2010,1470000
Burkina Faso,BFA,2011,30000
Burkina Faso,BFA,2012,1610000
Burkina Faso,BFA,2013,35720000
Burkina Faso,BFA,2014,42210000
Burkina Faso,BFA,2015,190000
Burkina Faso,BFA,2016,32070000
Burkina Faso,BFA,2017,22790000
Burkina Faso,BFA,2018,38450000
Burkina Faso,BFA,2019,51160000
Burkina Faso,BFA,2020,161760000
Burkina Faso,BFA,2021,61090000
Burkina Faso,BFA,2022,8480000
Burundi,BDI,2000,0
Burundi,BDI,2001,0
Burundi,BDI,2002,0
Burundi,BDI,2003,0
Burundi,BDI,2004,0
Burundi,BDI,2005,0
Burundi,BDI,2006,0
Burundi,BDI,2007,0
Burundi,BDI,2008,10000
Burundi,BDI,2009,100000
Burundi,BDI,2010,14110000
Burundi,BDI,2011,10000
Burundi,BDI,2012,6840000
Burundi,BDI,2013,105520000
Burundi,BDI,2014,154330000
Burundi,BDI,2015,2710000
Burundi,BDI,2016,60000
Burundi,BDI,2017,18820000
Burundi,BDI,2018,10780000
Burundi,BDI,2019,98660000
Burundi,BDI,2020,118380000
Burundi,BDI,2021,0
Burundi,BDI,2022,0
Cambodia,KHM,2000,0
Cambodia,KHM,2001,0
Cambodia,KHM,2002,0
Cambodia,KHM,2003,5040000
Cambodia,KHM,2004,580000
Cambodia,KHM,2005,1270000
Cambodia,KHM,2006,10300000
Cambodia,KHM,2007,0
Cambodia,KHM,2008,2110000
Cambodia,KHM,2009,4080000
Cambodia,KHM,2010,11800000
Cambodia,KHM,2011,1180000
Cambodia,KHM,2012,790000
Cambodia,KHM,2013,14900000
Cambodia,KHM,2014,470000
Cambodia,KHM,2015,8670000
Cambodia,KHM,2016,171520000
Cambodia,KHM,2017,4120000
Cambodia,KHM,2018,17240000
Cambodia,KHM,2019,9350000
Cambodia,KHM,2020,20780000
Cambodia,KHM,2021,32450000.000000004
Cambodia,KHM,2022,13520000
Cameroon,CMR,2000,0
Cameroon,CMR,2001,0
Cameroon,CMR,2002,10000
Cameroon,CMR,2003,10000
Cameroon,CMR,2004,20000
Cameroon,CMR,2005,0
Cameroon,CMR,2006,12170000
Cameroon,CMR,2007,0
Cameroon,CMR,2008,540000
Cameroon,CMR,2009,170000
Cameroon,CMR,2010,70180000
Cameroon,CMR,2011,667520000
Cameroon,CMR,2012,334470000
Cameroon,CMR,2013,20000
Cameroon,CMR,2014,12230000
Cameroon,CMR,2015,104490000
Cameroon,CMR,2016,85280000
Cameroon,CMR,2017,191620000
Cameroon,CMR,2018,1112100000
Cameroon,CMR,2019,8140000.000000001
Cameroon,CMR,2020,47360000
Cameroon,CMR,2021,7350000
Cameroon,CMR,2022,7190000
Cape Verde,CPV,2000,0
Cape Verde,CPV,2001,2930000
Cape Verde,CPV,2002,0
Cape Verde,CPV,2003,0
Cape Verde,CPV,2004,0
Cape Verde,CPV,2005,20000
Cape Verde,CPV,2006,0
Cape Verde,CPV,2007,0
Cape Verde,CPV,2008,480000
Cape Verde,CPV,2009,200000
Cape Verde,CPV,2010,75630000
Cape Verde,CPV,2011,15630000
Cape Verde,CPV,2012,18120000
Cape Verde,CPV,2013,17270000
Cape Verde,CPV,2014,7880000
Cape Verde,CPV,2015,3470000
Cape Verde,CPV,2016,8760000
Cape Verde,CPV,2017,120000
Cape Verde,CPV,2018,0
Cape Verde,CPV,2019,1390000
Cape Verde,CPV,2020,2690000
Cape Verde,CPV,2021,11910000
Cape Verde,CPV,2022,1200000
Central African Republic,CAF,2000,0
Central African Republic,CAF,2001,0
Central African Republic,CAF,2002,0
Central African Republic,CAF,2003,0
Central African Republic,CAF,2004,0
Central African Republic,CAF,2005,0
Central African Republic,CAF,2006,0
Central African Republic,CAF,2007,0
Central African Republic,CAF,2008,0
Central African Republic,CAF,2009,4580000
Central African Republic,CAF,2010,0
Central African Republic,CAF,2011,0
Central African Republic,CAF,2012,0
Central African Republic,CAF,2013,0
Central African Republic,CAF,2014,10000
Central African Republic,CAF,2015,0
Central African Republic,CAF,2016,0
Central African Republic,CAF,2017,30000
Central African Republic,CAF,2018,4080000
Central African Republic,CAF,2019,54800000
Central African Republic,CAF,2020,10390000
Central African Republic,CAF,2021,0
Central African Republic,CAF,2022,81640000
Central and Southern Asia (UN),,2000,632810000
Central and Southern Asia (UN),,2001,888410000
Central and Southern Asia (UN),,2002,552600000
Central and Southern Asia (UN),,2003,184680000
Central and Southern Asia (UN),,2004,370090000
Central and Southern Asia (UN),,2005,387980000
Central and Southern Asia (UN),,2006,532980000
Central and Southern Asia (UN),,2007,949150000
Central and Southern Asia (UN),,2008,990470000
Central and Southern Asia (UN),,2009,569550000
Central and Southern Asia (UN),,2010,1083770000
Central and Southern Asia (UN),,2011,2969490000
Central and Southern Asia (UN),,2012,2642780000
Central and Southern Asia (UN),,2013,2046340000
Central and Southern Asia (UN),,2014,1909220000
Central and Southern Asia (UN),,2015,2825150000
Central and Southern Asia (UN),,2016,4127779999.9999995
Central and Southern Asia (UN),,2017,3455030000
Central and Southern Asia (UN),,2018,3999710000
Central and Southern Asia (UN),,2019,2544990000
Central and Southern Asia (UN),,2020,2738030000
Central and Southern Asia (UN),,2021,3000910000
Central and Southern Asia (UN),,2022,1834200000
Chad,TCD,2000,0
Chad,TCD,2001,6470000
Chad,TCD,2002,0
Chad,TCD,2003,0
Chad,TCD,2004,0
Chad,TCD,2005,0
Chad,TCD,2006,0
Chad,TCD,2007,28470000
Chad,TCD,2008,0
Chad,TCD,2009,0
Chad,TCD,2010,0
Chad,TCD,2011,0
Chad,TCD,2012,0
Chad,TCD,2013,40000
Chad,TCD,2014,20000
Chad,TCD,2015,20000
Chad,TCD,2016,45250000
Chad,TCD,2017,10000
Chad,TCD,2018,0
Chad,TCD,2019,21180000
Chad,TCD,2020,11940000
Chad,TCD,2021,11870000
Chad,TCD,2022,199590000
Chile,CHL,2000,480000
Chile,CHL,2001,170000
Chile,CHL,2002,40000
Chile,CHL,2003,80000
Chile,CHL,2004,3050000
Chile,CHL,2005,54820000
Chile,CHL,2006,120000
Chile,CHL,2007,102060000
Chile,CHL,2008,72690000
Chile,CHL,2009,62430000
Chile,CHL,2010,3510000
Chile,CHL,2011,75440000
Chile,CHL,2012,69730000
Chile,CHL,2013,1159490000
Chile,CHL,2014,1190210000
Chile,CHL,2015,124120000
Chile,CHL,2016,328620000
Chile,CHL,2017,228890000
Chile,CHL,2018,0
Chile,CHL,2019,0
Chile,CHL,2020,1020000
Chile,CHL,2021,38300000
Chile,CHL,2022,232950000
China,CHN,2000,265260000
China,CHN,2001,328930000
China,CHN,2002,220160000
China,CHN,2003,24810000
China,CHN,2004,35650000
China,CHN,2005,168830000
China,CHN,2006,139220000
China,CHN,2007,27100000
China,CHN,2008,122380000
China,CHN,2009,99840000
China,CHN,2010,143760000
China,CHN,2011,47100000
China,CHN,2012,110040000
China,CHN,2013,329530000
China,CHN,2014,251550000
China,CHN,2015,100760000
China,CHN,2016,1396180000
China,CHN,2017,407710000
China,CHN,2018,348860000
China,CHN,2019,220770000
China,CHN,2020,121830000
China,CHN,2021,101390000
China,CHN,2022,54820000
Colombia,COL,2000,0
Colombia,COL,2001,0
Colombia,COL,2002,100000
Colombia,COL,2003,10000
Colombia,COL,2004,0
Colombia,COL,2005,242760000
Colombia,COL,2006,2110000
Colombia,COL,2007,840000
Colombia,COL,2008,17390000
Colombia,COL,2009,20000
Colombia,COL,2010,3760000
Colombia,COL,2011,830000
Colombia,COL,2012,2009999.9999999998
Colombia,COL,2013,320000
Colombia,COL,2014,58540000
Colombia,COL,2015,24850000
Colombia,COL,2016,1592790000
Colombia,COL,2017,203510000
Colombia,COL,2018,158020000
Colombia,COL,2019,166950000
Colombia,COL,2020,53390000
Colombia,COL,2021,64010000.00000001
Colombia,COL,2022,247470000
Comoros,COM,2000,0
Comoros,COM,2001,0
Comoros,COM,2002,0
Comoros,COM,2003,0
Comoros,COM,2004,0
Comoros,COM,2005,0
Comoros,COM,2006,0
Comoros,COM,2007,0
Comoros,COM,2008,0
Comoros,COM,2009,0
Comoros,COM,2010,0
Comoros,COM,2011,0
Comoros,COM,2012,340000
Comoros,COM,2013,20000
Comoros,COM,2014,140000
Comoros,COM,2015,1100000
Comoros,COM,2016,10000
Comoros,COM,2017,12230000
Comoros,COM,2018,160000
Comoros,COM,2019,18270000
Comoros,COM,2020,17970000
Comoros,COM,2021,40000
Comoros,COM,2022,28810000
Congo,COG,2000,170000
Congo,COG,2001,0
Congo,COG,2002,0
Congo,COG,2003,0
Congo,COG,2004,0
Congo,COG,2005,0
Congo,COG,2006,0
Congo,COG,2007,0
Congo,COG,2008,0
Congo,COG,2009,0
Congo,COG,2010,0
Congo,COG,2011,0
Congo,COG,2012,129289999.99999999
Congo,COG,2013,2060000
Congo,COG,2014,0
Congo,COG,2015,0
Congo,COG,2016,90000
Congo,COG,2017,0
Congo,COG,2018,22600000
Congo,COG,2019,100000
Congo,COG,2020,330000
Congo,COG,2021,550000
Congo,COG,2022,2310000
Cook Islands,COK,2000,0
Cook Islands,COK,2001,0
Cook Islands,COK,2002,0
Cook Islands,COK,2003,0
Cook Islands,COK,2004,0
Cook Islands,COK,2005,0
Cook Islands,COK,2006,0
Cook Islands,COK,2007,0
Cook Islands,COK,2008,0
Cook Islands,COK,2009,0
Cook Islands,COK,2010,0
Cook Islands,COK,2011,3870000
Cook Islands,COK,2012,5590000
Cook Islands,COK,2013,8320000
Cook Islands,COK,2014,16670000.000000002
Cook Islands,COK,2015,19840000
Cook Islands,COK,2016,4870000
Cook Islands,COK,2017,0
Cook Islands,COK,2018,0
Cook Islands,COK,2019,0
Cook Islands,COK,2020,0
Cook Islands,COK,2021,0
Cook Islands,COK,2022,0
Costa Rica,CRI,2000,110000
Costa Rica,CRI,2001,139900000
Costa Rica,CRI,2002,0
Costa Rica,CRI,2003,18480000
Costa Rica,CRI,2004,100000
Costa Rica,CRI,2005,120000
Costa Rica,CRI,2006,90000
Costa Rica,CRI,2007,750000
Costa Rica,CRI,2008,90000
Costa Rica,CRI,2009,10000
Costa Rica,CRI,2010,7630000
Costa Rica,CRI,2011,143030000
Costa Rica,CRI,2012,597390000
Costa Rica,CRI,2013,134410000
Costa Rica,CRI,2014,160440000
Costa Rica,CRI,2015,893970000
Costa Rica,CRI,2016,189740000
Costa Rica,CRI,2017,251990000
Costa Rica,CRI,2018,30540000
Costa Rica,CRI,2019,750000
Costa Rica,CRI,2020,319200000
Costa Rica,CRI,2021,15560000
Costa Rica,CRI,2022,65000000
Cote d'Ivoire,CIV,2000,15040000
Cote d'Ivoire,CIV,2001,0
Cote d'Ivoire,CIV,2002,0
Cote d'Ivoire,CIV,2003,0
Cote d'Ivoire,CIV,2004,0
Cote d'Ivoire,CIV,2005,0
Cote d'Ivoire,CIV,2006,0
Cote d'Ivoire,CIV,2007,0
Cote d'Ivoire,CIV,2008,0
Cote d'Ivoire,CIV,2009,0
Cote d'Ivoire,CIV,2010,980000
Cote d'Ivoire,CIV,2011,16649999.999999998
Cote d'Ivoire,CIV,2012,280000
Cote d'Ivoire,CIV,2013,560640000
Cote d'Ivoire,CIV,2014,0
Cote d'Ivoire,CIV,2015,910000
Cote d'Ivoire,CIV,2016,38230000
Cote d'Ivoire,CIV,2017,42790000
Cote d'Ivoire,CIV,2018,63700000
Cote d'Ivoire,CIV,2019,350040000
Cote d'Ivoire,CIV,2020,76030000
Cote d'Ivoire,CIV,2021,325060000
Cote d'Ivoire,CIV,2022,350330000
Cuba,CUB,2000,870000
Cuba,CUB,2001,5040000
Cuba,CUB,2002,1970000
Cuba,CUB,2003,390000
Cuba,CUB,2004,1010000
Cuba,CUB,2005,460000
Cuba,CUB,2006,430000
Cuba,CUB,2007,10000
Cuba,CUB,2008,50000
Cuba,CUB,2009,1010000
Cuba,CUB,2010,4580000
Cuba,CUB,2011,1440000
Cuba,CUB,2012,460000
Cuba,CUB,2013,3390000
Cuba,CUB,2014,50000
Cuba,CUB,2015,86550000
Cuba,CUB,2016,33960000
Cuba,CUB,2017,54090000
Cuba,CUB,2018,7710000
Cuba,CUB,2019,6270000
Cuba,CUB,2020,3200000
Cuba,CUB,2021,130000
Cuba,CUB,2022,2290000
Democratic Republic of Congo,COD,2000,0
Democratic Republic of Congo,COD,2001,40000
Democratic Republic of Congo,COD,2002,70000
Democratic Republic of Congo,COD,2003,0
Democratic Republic of Congo,COD,2004,0
Democratic Republic of Congo,COD,2005,1470000
Democratic Republic of Congo,COD,2006,0
Democratic Republic of Congo,COD,2007,230620000
Democratic Republic of Congo,COD,2008,59420000
Democratic Republic of Congo,COD,2009,60000
Democratic Republic of Congo,COD,2010,450000
Democratic Republic of Congo,COD,2011,643650000
Democratic Republic of Congo,COD,2012,80000
Democratic Republic of Congo,COD,2013,28510000
Democratic Republic of Congo,COD,2014,79020000
Democratic Republic of Congo,COD,2015,670000
Democratic Republic of Congo,COD,2016,38230000
Democratic Republic of Congo,COD,2017,47880000
Democratic Republic of Congo,COD,2018,80000
Democratic Republic of Congo,COD,2019,390000
Democratic Republic of Congo,COD,2020,640000
Democratic Republic of Congo,COD,2021,42250000
Democratic Republic of Congo,COD,2022,5920000
Djibouti,DJI,2000,0
Djibouti,DJI,2001,0
Djibouti,DJI,2002,0
Djibouti,DJI,2003,0
Djibouti,DJI,2004,0
Djibouti,DJI,2005,6460000
Djibouti,DJI,2006,0
Djibouti,DJI,2007,0
Djibouti,DJI,2008,0
Djibouti,DJI,2009,5560000
Djibouti,DJI,2010,13540000
Djibouti,DJI,2011,10000
Djibouti,DJI,2012,10360000
Djibouti,DJI,2013,8990000
Djibouti,DJI,2014,3440000
Djibouti,DJI,2015,930000
Djibouti,DJI,2016,1320000
Djibouti,DJI,2017,1720000
Djibouti,DJI,2018,33369999.999999996
Djibouti,DJI,2019,29460000
Djibouti,DJI,2020,1460000
Djibouti,DJI,2021,370000
Djibouti,DJI,2022,57640000
Dominica,DMA,2000,0
Dominica,DMA,2001,0
Dominica,DMA,2002,0
Dominica,DMA,2003,0
Dominica,DMA,2004,0
Dominica,DMA,2005,0
Dominica,DMA,2006,0
Dominica,DMA,2007,0
Dominica,DMA,2008,0
Dominica,DMA,2009,0
Dominica,DMA,2010,0
Dominica,DMA,2011,0
Dominica,DMA,2012,0
Dominica,DMA,2013,8420000
Dominica,DMA,2014,1860000
Dominica,DMA,2015,0
Dominica,DMA,2016,0
Dominica,DMA,2017,14510000
Dominica,DMA,2018,1800000
Dominica,DMA,2019,9790000
Dominica,DMA,2020,0
Dominica,DMA,2021,0
Dominica,DMA,2022,0
Dominican Republic,DOM,2000,12350000
Dominican Republic,DOM,2001,4630000
Dominican Republic,DOM,2002,710000
Dominican Republic,DOM,2003,0
Dominican Republic,DOM,2004,530000
Dominican Republic,DOM,2005,7020000
Dominican Republic,DOM,2006,590000
Dominican Republic,DOM,2007,400000
Dominican Republic,DOM,2008,160000
Dominican Republic,DOM,2009,340000
Dominican Republic,DOM,2010,85770000
Dominican Republic,DOM,2011,260000
Dominican Republic,DOM,2012,1520000
Dominican Republic,DOM,2013,20000
Dominican Republic,DOM,2014,470000
Dominican Republic,DOM,2015,530000
Dominican Republic,DOM,2016,89680000
Dominican Republic,DOM,2017,90520000
Dominican Republic,DOM,2018,400000
Dominican Republic,DOM,2019,46750000
Dominican Republic,DOM,2020,1030000
Dominican Republic,DOM,2021,105740000
Dominican Republic,DOM,2022,91250000
East Timor,TLS,2000,0
East Timor,TLS,2001,0
East Timor,TLS,2002,0
East Timor,TLS,2003,4720000
East Timor,TLS,2004,0
East Timor,TLS,2005,1560000
East Timor,TLS,2006,1670000
East Timor,TLS,2007,1360000
East Timor,TLS,2008,80000
East Timor,TLS,2009,150000
East Timor,TLS,2010,5060000
East Timor,TLS,2011,250000
East Timor,TLS,2012,2170000
East Timor,TLS,2013,500000
East Timor,TLS,2014,10000
East Timor,TLS,2015,0
East Timor,TLS,2016,1150000
East Timor,TLS,2017,0
East Timor,TLS,2018,0
East Timor,TLS,2019,10000
East Timor,TLS,2020,1870000
East Timor,TLS,2021,3010000
East Timor,TLS,2022,220000
Eastern and South-Eastern Asia (UN),,2000,427980000
Eastern and South-Eastern Asia (UN),,2001,446040000
Eastern and South-Eastern Asia (UN),,2002,346420000
Eastern and South-Eastern Asia (UN),,2003,786230000
Eastern and South-Eastern Asia (UN),,2004,681850000
Eastern and South-Eastern Asia (UN),,2005,440620000
Eastern and South-Eastern Asia (UN),,2006,460010000
Eastern and South-Eastern Asia (UN),,2007,522240000
Eastern and South-Eastern Asia (UN),,2008,710670000
Eastern and South-Eastern Asia (UN),,2009,1420880000
Eastern and South-Eastern Asia (UN),,2010,383980000
Eastern and South-Eastern Asia (UN),,2011,2138159999.9999998
Eastern and South-Eastern Asia (UN),,2012,1269040000
Eastern and South-Eastern Asia (UN),,2013,1712430000
Eastern and South-Eastern Asia (UN),,2014,3351730000
Eastern and South-Eastern Asia (UN),,2015,866840000
Eastern and South-Eastern Asia (UN),,2016,3414490000
Eastern and South-Eastern Asia (UN),,2017,3469500000
Eastern and South-Eastern Asia (UN),,2018,2669580000
Eastern and South-Eastern Asia (UN),,2019,967590000
Eastern and South-Eastern Asia (UN),,2020,1174440000
Eastern and South-Eastern Asia (UN),,2021,1501970000
Eastern and South-Eastern Asia (UN),,2022,1366570000
Ecuador,ECU,2000,2470000
Ecuador,ECU,2001,2330000
Ecuador,ECU,2002,910000
Ecuador,ECU,2003,400000
Ecuador,ECU,2004,340000
Ecuador,ECU,2005,9130000
Ecuador,ECU,2006,10000
Ecuador,ECU,2007,0
Ecuador,ECU,2008,3070000
Ecuador,ECU,2009,1410000
Ecuador,ECU,2010,2366760000
Ecuador,ECU,2011,1148230000
Ecuador,ECU,2012,29010000
Ecuador,ECU,2013,371920000
Ecuador,ECU,2014,6680000
Ecuador,ECU,2015,34070000
Ecuador,ECU,2016,147060000
Ecuador,ECU,2017,40660000
Ecuador,ECU,2018,940000
Ecuador,ECU,2019,65040000.00000001
Ecuador,ECU,2020,74620000
Ecuador,ECU,2021,6030000
Ecuador,ECU,2022,95180000
Egypt,EGY,2000,11430000
Egypt,EGY,2001,35090000
Egypt,EGY,2002,590000
Egypt,EGY,2003,219870000
Egypt,EGY,2004,52100000
Egypt,EGY,2005,114370000
Egypt,EGY,2006,550000
Egypt,EGY,2007,108840000
Egypt,EGY,2008,85620000
Egypt,EGY,2009,281520000
Egypt,EGY,2010,1089830000
Egypt,EGY,2011,130340000
Egypt,EGY,2012,17350000
Egypt,EGY,2013,174910000
Egypt,EGY,2014,80000
Egypt,EGY,2015,263700000
Egypt,EGY,2016,331890000
Egypt,EGY,2017,2062530000.0000002
Egypt,EGY,2018,26020000
Egypt,EGY,2019,365260000
Egypt,EGY,2020,257950000
Egypt,EGY,2021,160440000
Egypt,EGY,2022,823250000
El Salvador,SLV,2000,0
El Salvador,SLV,2001,0
El Salvador,SLV,2002,0
El Salvador,SLV,2003,0
El Salvador,SLV,2004,1430000
El Salvador,SLV,2005,0
El Salvador,SLV,2006,0
El Salvador,SLV,2007,290000
El Salvador,SLV,2008,20000
El Salvador,SLV,2009,110000
El Salvador,SLV,2010,61600000
El Salvador,SLV,2011,1000000
El Salvador,SLV,2012,1490000
El Salvador,SLV,2013,73860000
El Salvador,SLV,2014,307220000
El Salvador,SLV,2015,84120000
El Salvador,SLV,2016,225680000
El Salvador,SLV,2017,560950000
El Salvador,SLV,2018,63760000
El Salvador,SLV,2019,1180000
El Salvador,SLV,2020,820000
El Salvador,SLV,2021,1890000
El Salvador,SLV,2022,104570000
Equatorial Guinea,GNQ,2000,0
Equatorial Guinea,GNQ,2001,200000
Equatorial Guinea,GNQ,2002,180000
Equatorial Guinea,GNQ,2003,40000
Equatorial Guinea,GNQ,2004,0
Equatorial Guinea,GNQ,2005,0
Equatorial Guinea,GNQ,2006,522980000
Equatorial Guinea,GNQ,2007,0
Equatorial Guinea,GNQ,2008,0
Equatorial Guinea,GNQ,2009,0
Equatorial Guinea,GNQ,2010,0
Equatorial Guinea,GNQ,2011,0
Equatorial Guinea,GNQ,2012,0
Equatorial Guinea,GNQ,2013,3740000
Equatorial Guinea,GNQ,2014,0
Equatorial Guinea,GNQ,2015,20000
Equatorial Guinea,GNQ,2016,0
Equatorial Guinea,GNQ,2017,0
Equatorial Guinea,GNQ,2018,0
Equatorial Guinea,GNQ,2019,0
Equatorial Guinea,GNQ,2020,0
Equatorial Guinea,GNQ,2021,0
Equatorial Guinea,GNQ,2022,0
Eritrea,ERI,2000,0
Eritrea,ERI,2001,0
Eritrea,ERI,2002,0
Eritrea,ERI,2003,0
Eritrea,ERI,2004,0
Eritrea,ERI,2005,0
Eritrea,ERI,2006,0
Eritrea,ERI,2007,590000
Eritrea,ERI,2008,80000
Eritrea,ERI,2009,30000
Eritrea,ERI,2010,60000
Eritrea,ERI,2011,270000
Eritrea,ERI,2012,0
Eritrea,ERI,2013,0
Eritrea,ERI,2014,0
Eritrea,ERI,2015,15790000
Eritrea,ERI,2016,0
Eritrea,ERI,2017,93820000
Eritrea,ERI,2018,30000
Eritrea,ERI,2019,0
Eritrea,ERI,2020,0
Eritrea,ERI,2021,0
Eritrea,ERI,2022,260000
Eswatini,SWZ,2000,0
Eswatini,SWZ,2001,0
Eswatini,SWZ,2002,0
Eswatini,SWZ,2003,10810000
Eswatini,SWZ,2004,0
Eswatini,SWZ,2005,0
Eswatini,SWZ,2006,0
Eswatini,SWZ,2007,0
Eswatini,SWZ,2008,0
Eswatini,SWZ,2009,0
Eswatini,SWZ,2010,0
Eswatini,SWZ,2011,0
Eswatini,SWZ,2012,0
Eswatini,SWZ,2013,0
Eswatini,SWZ,2014,0
Eswatini,SWZ,2015,1140000
Eswatini,SWZ,2016,0
Eswatini,SWZ,2017,0
Eswatini,SWZ,2018,0
Eswatini,SWZ,2019,14530000
Eswatini,SWZ,2020,90000
Eswatini,SWZ,2021,220000
Eswatini,SWZ,2022,60000
Ethiopia,ETH,2000,1670000
Ethiopia,ETH,2001,880000
Ethiopia,ETH,2002,102730000
Ethiopia,ETH,2003,8980000
Ethiopia,ETH,2004,720000
Ethiopia,ETH,2005,396110000
Ethiopia,ETH,2006,440000
Ethiopia,ETH,2007,229180000
Ethiopia,ETH,2008,350000
Ethiopia,ETH,2009,491380000
Ethiopia,ETH,2010,239440000
Ethiopia,ETH,2011,730000
Ethiopia,ETH,2012,59780000
Ethiopia,ETH,2013,329600000
Ethiopia,ETH,2014,212580000
Ethiopia,ETH,2015,61580000
Ethiopia,ETH,2016,59220000
Ethiopia,ETH,2017,401760000
Ethiopia,ETH,2018,52590000
Ethiopia,ETH,2019,63190000
Ethiopia,ETH,2020,4040000
Ethiopia,ETH,2021,412110000
Ethiopia,ETH,2022,1550000
Europe (UN),,2000,550000
Europe (UN),,2001,7170000
Europe (UN),,2002,21030000
Europe (UN),,2003,7940000
Europe (UN),,2004,16070000
Europe (UN),,2005,208050000
Europe (UN),,2006,38180000
Europe (UN),,2007,50380000
Europe (UN),,2008,43810000
Europe (UN),,2009,69200000
Europe (UN),,2010,542290000
Europe (UN),,2011,289380000
Europe (UN),,2012,63440000
Europe (UN),,2013,291570000
Europe (UN),,2014,397250000
Europe (UN),,2015,170690000
Europe (UN),,2016,305250000
Europe (UN),,2017,592570000
Europe (UN),,2018,821320000
Europe (UN),,2019,924940000
Europe (UN),,2020,112040000
Europe (UN),,2021,380890000
Europe (UN),,2022,470870000
Europe and Northern America (UN),,2000,550000
Europe and Northern America (UN),,2001,7170000
Europe and Northern America (UN),,2002,21030000
Europe and Northern America (UN),,2003,7940000
Europe and Northern America (UN),,2004,16070000
Europe and Northern America (UN),,2005,208050000
Europe and Northern America (UN),,2006,38180000
Europe and Northern America (UN),,2007,50380000
Europe and Northern America (UN),,2008,43810000
Europe and Northern America (UN),,2009,69200000
Europe and Northern America (UN),,2010,542290000
Europe and Northern America (UN),,2011,289380000
Europe and Northern America (UN),,2012,63440000
Europe and Northern America (UN),,2013,291570000
Europe and Northern America (UN),,2014,397250000
Europe and Northern America (UN),,2015,170690000
Europe and Northern America (UN),,2016,305250000
Europe and Northern America (UN),,2017,592570000
Europe and Northern America (UN),,2018,821320000
Europe and Northern America (UN),,2019,924940000
Europe and Northern America (UN),,2020,112040000
Europe and Northern America (UN),,2021,380890000
Europe and Northern America (UN),,2022,470870000
Fiji,FJI,2000,0
Fiji,FJI,2001,0
Fiji,FJI,2002,0
Fiji,FJI,2003,0
Fiji,FJI,2004,300000
Fiji,FJI,2005,260000
Fiji,FJI,2006,0
Fiji,FJI,2007,60000
Fiji,FJI,2008,0
Fiji,FJI,2009,107980000
Fiji,FJI,2010,0
Fiji,FJI,2011,10000
Fiji,FJI,2012,110000
Fiji,FJI,2013,5140000
Fiji,FJI,2014,7270000
Fiji,FJI,2015,1800000
Fiji,FJI,2016,210000
Fiji,FJI,2017,50000
Fiji,FJI,2018,5960000
Fiji,FJI,2019,130000
Fiji,FJI,2020,4330000
Fiji,FJI,2021,510000
Fiji,FJI,2022,30000
French Polynesia,PYF,2000,0
French Polynesia,PYF,2001,0
French Polynesia,PYF,2002,0
French Polynesia,PYF,2003,0
French Polynesia,PYF,2004,0
French Polynesia,PYF,2005,0
French Polynesia,PYF,2006,0
French Polynesia,PYF,2007,0
French Polynesia,PYF,2008,0
French Polynesia,PYF,2009,0
French Polynesia,PYF,2010,0
French Polynesia,PYF,2011,0
French Polynesia,PYF,2012,260000
French Polynesia,PYF,2013,0
French Polynesia,PYF,2014,0
French Polynesia,PYF,2015,0
French Polynesia,PYF,2016,0
French Polynesia,PYF,2017,0
French Polynesia,PYF,2018,0
French Polynesia,PYF,2019,0
French Polynesia,PYF,2020,0
French Polynesia,PYF,2021,0
French Polynesia,PYF,2022,0
Gabon,GAB,2000,0
Gabon,GAB,2001,0
Gabon,GAB,2002,0
Gabon,GAB,2003,0
Gabon,GAB,2004,0
Gabon,GAB,2005,0
Gabon,GAB,2006,0
Gabon,GAB,2007,0
Gabon,GAB,2008,513690000.00000006
Gabon,GAB,2009,0
Gabon,GAB,2010,6230000
Gabon,GAB,2011,0
Gabon,GAB,2012,0
Gabon,GAB,2013,20000
Gabon,GAB,2014,10000
Gabon,GAB,2015,14330000
Gabon,GAB,2016,44580000
Gabon,GAB,2017,130000
Gabon,GAB,2018,3410000
Gabon,GAB,2019,0
Gabon,GAB,2020,0
Gabon,GAB,2021,48730000
Gabon,GAB,2022,0
Gambia,GMB,2000,0
Gambia,GMB,2001,0
Gambia,GMB,2002,20000
Gambia,GMB,2003,0
Gambia,GMB,2004,0
Gambia,GMB,2005,0
Gambia,GMB,2006,0
Gambia,GMB,2007,0
Gambia,GMB,2008,0
Gambia,GMB,2009,0
Gambia,GMB,2010,0
Gambia,GMB,2011,10000
Gambia,GMB,2012,0
Gambia,GMB,2013,0
Gambia,GMB,2014,0
Gambia,GMB,2015,0
Gambia,GMB,2016,0
Gambia,GMB,2017,27930000
Gambia,GMB,2018,137230000
Gambia,GMB,2019,27640000
Gambia,GMB,2020,32549999.999999996
Gambia,GMB,2021,10000
Gambia,GMB,2022,27460000
Georgia,GEO,2000,0
Georgia,GEO,2001,20330000
Georgia,GEO,2002,0
Georgia,GEO,2003,2029999.9999999998
Georgia,GEO,2004,3810000
Georgia,GEO,2005,10630000
Georgia,GEO,2006,2830000
Georgia,GEO,2007,0
Georgia,GEO,2008,0
Georgia,GEO,2009,1160000
Georgia,GEO,2010,8640000
Georgia,GEO,2011,149950000
Georgia,GEO,2012,41110000
Georgia,GEO,2013,10790000
Georgia,GEO,2014,214600000
Georgia,GEO,2015,7480000
Georgia,GEO,2016,99100000
Georgia,GEO,2017,33290000
Georgia,GEO,2018,50790000
Georgia,GEO,2019,27000000
Georgia,GEO,2020,710000
Georgia,GEO,2021,5130000
Georgia,GEO,2022,42200000
Ghana,GHA,2000,4530000
Ghana,GHA,2001,1080000
Ghana,GHA,2002,20000
Ghana,GHA,2003,360000
Ghana,GHA,2004,260000
Ghana,GHA,2005,370000
Ghana,GHA,2006,29340000
Ghana,GHA,2007,1102190000
Ghana,GHA,2008,8560000
Ghana,GHA,2009,620000
Ghana,GHA,2010,26480000
Ghana,GHA,2011,1440000
Ghana,GHA,2012,178940000
Ghana,GHA,2013,2630000
Ghana,GHA,2014,7990000
Ghana,GHA,2015,66370000.00000001
Ghana,GHA,2016,553600000
Ghana,GHA,2017,8630000
Ghana,GHA,2018,31200000
Ghana,GHA,2019,2530000
Ghana,GHA,2020,18500000
Ghana,GHA,2021,15360000
Ghana,GHA,2022,129810000
Grenada,GRD,2000,0
Grenada,GRD,2001,0
Grenada,GRD,2002,0
Grenada,GRD,2003,530000
Grenada,GRD,2004,0
Grenada,GRD,2005,0
Grenada,GRD,2006,0
Grenada,GRD,2007,0
Grenada,GRD,2008,0
Grenada,GRD,2009,0
Grenada,GRD,2010,0
Grenada,GRD,2011,3400000
Grenada,GRD,2012,0
Grenada,GRD,2013,0
Grenada,GRD,2014,120000
Grenada,GRD,2015,1930000
Grenada,GRD,2016,0
Grenada,GRD,2017,790000
Grenada,GRD,2018,0
Grenada,GRD,2019,220000
Grenada,GRD,2020,0
Grenada,GRD,2021,3350000
Grenada,GRD,2022,0
Guatemala,GTM,2000,0
Guatemala,GTM,2001,0
Guatemala,GTM,2002,22950000
Guatemala,GTM,2003,0
Guatemala,GTM,2004,0
Guatemala,GTM,2005,40000
Guatemala,GTM,2006,0
Guatemala,GTM,2007,0
Guatemala,GTM,2008,70000
Guatemala,GTM,2009,20000
Guatemala,GTM,2010,9610000
Guatemala,GTM,2011,4980000
Guatemala,GTM,2012,61740000
Guatemala,GTM,2013,19500000
Guatemala,GTM,2014,25930000
Guatemala,GTM,2015,20000
Guatemala,GTM,2016,15820000
Guatemala,GTM,2017,910000
Guatemala,GTM,2018,12650000
Guatemala,GTM,2019,62480000
Guatemala,GTM,2020,260000
Guatemala,GTM,2021,13060000
Guatemala,GTM,2022,4860000
Guinea,GIN,2000,230000
Guinea,GIN,2001,600000
Guinea,GIN,2002,5360000
Guinea,GIN,2003,0
Guinea,GIN,2004,0
Guinea,GIN,2005,0
Guinea,GIN,2006,2710000
Guinea,GIN,2007,560000
Guinea,GIN,2008,10000
Guinea,GIN,2009,0
Guinea,GIN,2010,0
Guinea,GIN,2011,412880000
Guinea,GIN,2012,6580000
Guinea,GIN,2013,0
Guinea,GIN,2014,70000
Guinea,GIN,2015,1310000
Guinea,GIN,2016,154110000
Guinea,GIN,2017,140000
Guinea,GIN,2018,1282760000
Guinea,GIN,2019,22830000
Guinea,GIN,2020,10000
Guinea,GIN,2021,10000
Guinea,GIN,2022,30000
Guinea-Bissau,GNB,2000,0
Guinea-Bissau,GNB,2001,3680000
Guinea-Bissau,GNB,2002,4970000
Guinea-Bissau,GNB,2003,0
Guinea-Bissau,GNB,2004,180000
Guinea-Bissau,GNB,2005,0
Guinea-Bissau,GNB,2006,0
Guinea-Bissau,GNB,2007,0
Guinea-Bissau,GNB,2008,0
Guinea-Bissau,GNB,2009,40000
Guinea-Bissau,GNB,2010,20000
Guinea-Bissau,GNB,2011,250000
Guinea-Bissau,GNB,2012,110000
Guinea-Bissau,GNB,2013,210000
Guinea-Bissau,GNB,2014,220000
Guinea-Bissau,GNB,2015,0
Guinea-Bissau,GNB,2016,450000
Guinea-Bissau,GNB,2017,3680000
Guinea-Bissau,GNB,2018,4950000
Guinea-Bissau,GNB,2019,270000
Guinea-Bissau,GNB,2020,10000
Guinea-Bissau,GNB,2021,0
Guinea-Bissau,GNB,2022,0
Guyana,GUY,2000,0
Guyana,GUY,2001,5760000
Guyana,GUY,2002,0
Guyana,GUY,2003,0
Guyana,GUY,2004,0
Guyana,GUY,2005,30000
Guyana,GUY,2006,0
Guyana,GUY,2007,0
Guyana,GUY,2008,0
Guyana,GUY,2009,0
Guyana,GUY,2010,1290000
Guyana,GUY,2011,0
Guyana,GUY,2012,90000
Guyana,GUY,2013,20000
Guyana,GUY,2014,20000
Guyana,GUY,2015,1600000
Guyana,GUY,2016,0
Guyana,GUY,2017,0
Guyana,GUY,2018,32790000
Guyana,GUY,2019,16020000
Guyana,GUY,2020,1640000
Guyana,GUY,2021,3020000
Guyana,GUY,2022,86270000
Haiti,HTI,2000,910000
Haiti,HTI,2001,0
Haiti,HTI,2002,0
Haiti,HTI,2003,0
Haiti,HTI,2004,0
Haiti,HTI,2005,370000
Haiti,HTI,2006,0
Haiti,HTI,2007,0
Haiti,HTI,2008,0
Haiti,HTI,2009,16230000
Haiti,HTI,2010,2590000
Haiti,HTI,2011,34480000
Haiti,HTI,2012,13580000
Haiti,HTI,2013,15500000
Haiti,HTI,2014,930000
Haiti,HTI,2015,53470000
Haiti,HTI,2016,9960000
Haiti,HTI,2017,28070000
Haiti,HTI,2018,820000
Haiti,HTI,2019,43250000
Haiti,HTI,2020,13280000
Haiti,HTI,2021,12690000
Haiti,HTI,2022,2980000
Honduras,HND,2000,35850000
Honduras,HND,2001,0
Honduras,HND,2002,0
Honduras,HND,2003,220000
Honduras,HND,2004,0
Honduras,HND,2005,6390000
Honduras,HND,2006,0
Honduras,HND,2007,30000
Honduras,HND,2008,20000
Honduras,HND,2009,140000
Honduras,HND,2010,140910000
Honduras,HND,2011,14370000
Honduras,HND,2012,25480000
Honduras,HND,2013,385620000
Honduras,HND,2014,193360000
Honduras,HND,2015,422450000
Honduras,HND,2016,81630000
Honduras,HND,2017,269590000
Honduras,HND,2018,109570000
Honduras,HND,2019,1050000
Honduras,HND,2020,87900000
Honduras,HND,2021,17700000
Honduras,HND,2022,403130000
Hong Kong,HKG,2000,0
Hong Kong,HKG,2001,0
Hong Kong,HKG,2002,0
Hong Kong,HKG,2003,0
Hong Kong,HKG,2004,0
Hong Kong,HKG,2005,0
Hong Kong,HKG,2006,0
Hong Kong,HKG,2007,0
Hong Kong,HKG,2008,0
Hong Kong,HKG,2009,0
Hong Kong,HKG,2010,0
Hong Kong,HKG,2011,0
Hong Kong,HKG,2012,0
Hong Kong,HKG,2013,0
Hong Kong,HKG,2014,0
Hong Kong,HKG,2015,0
Hong Kong,HKG,2016,0
Hong Kong,HKG,2017,0
Hong Kong,HKG,2018,0
Hong Kong,HKG,2019,0
Hong Kong,HKG,2020,0
Hong Kong,HKG,2021,0
Hong Kong,HKG,2022,0
India,IND,2000,528600000
India,IND,2001,214700000
India,IND,2002,18240000
India,IND,2003,11320000
India,IND,2004,344940000
India,IND,2005,251680000
India,IND,2006,160930000
India,IND,2007,508710000
India,IND,2008,407050000
India,IND,2009,233400000
India,IND,2010,407720000
India,IND,2011,2132550000.0000002
India,IND,2012,1228840000
India,IND,2013,616140000
India,IND,2014,738760000
India,IND,2015,991440000
India,IND,2016,2397400000
India,IND,2017,944800000
India,IND,2018,1915210000
India,IND,2019,861750000
India,IND,2020,1335370000
India,IND,2021,1361220000
India,IND,2022,627340000
Indonesia,IDN,2000,2500000
Indonesia,IDN,2001,5720000
Indonesia,IDN,2002,130000
Indonesia,IDN,2003,219260000
Indonesia,IDN,2004,51600000
Indonesia,IDN,2005,188390000
Indonesia,IDN,2006,255660000
Indonesia,IDN,2007,238820000
Indonesia,IDN,2008,21470000
Indonesia,IDN,2009,31910000
Indonesia,IDN,2010,50420000
Indonesia,IDN,2011,1010810000
Indonesia,IDN,2012,17350000
Indonesia,IDN,2013,394170000
Indonesia,IDN,2014,910160000
Indonesia,IDN,2015,417050000
Indonesia,IDN,2016,370100000
Indonesia,IDN,2017,330520000
Indonesia,IDN,2018,1144510000
Indonesia,IDN,2019,236620000
Indonesia,IDN,2020,443110000
Indonesia,IDN,2021,371260000
Indonesia,IDN,2022,355800000
Iran,IRN,2000,62160000
Iran,IRN,2001,306140000
Iran,IRN,2002,0
Iran,IRN,2003,0
Iran,IRN,2004,0
Iran,IRN,2005,0
Iran,IRN,2006,0
Iran,IRN,2007,0
Iran,IRN,2008,0
Iran,IRN,2009,20000
Iran,IRN,2010,0
Iran,IRN,2011,0
Iran,IRN,2012,0
Iran,IRN,2013,0
Iran,IRN,2014,90000
Iran,IRN,2015,200000
Iran,IRN,2016,80000
Iran,IRN,2017,320000
Iran,IRN,2018,3920000
Iran,IRN,2019,0
Iran,IRN,2020,10000
Iran,IRN,2021,0
Iran,IRN,2022,60000
Iraq,IRQ,2000,0
Iraq,IRQ,2001,0
Iraq,IRQ,2002,0
Iraq,IRQ,2003,25240000
Iraq,IRQ,2004,0
Iraq,IRQ,2005,0
Iraq,IRQ,2006,47130000
Iraq,IRQ,2007,37280000
Iraq,IRQ,2008,90000
Iraq,IRQ,2009,150000
Iraq,IRQ,2010,158120000
Iraq,IRQ,2011,0
Iraq,IRQ,2012,2450000
Iraq,IRQ,2013,0
Iraq,IRQ,2014,20000
Iraq,IRQ,2015,0
Iraq,IRQ,2016,285290000
Iraq,IRQ,2017,122230000
Iraq,IRQ,2018,0
Iraq,IRQ,2019,0
Iraq,IRQ,2020,530000
Iraq,IRQ,2021,980000
Iraq,IRQ,2022,4210000
Jamaica,JAM,2000,5770000
Jamaica,JAM,2001,10020000
Jamaica,JAM,2002,0
Jamaica,JAM,2003,0
Jamaica,JAM,2004,0
Jamaica,JAM,2005,0
Jamaica,JAM,2006,0
Jamaica,JAM,2007,0
Jamaica,JAM,2008,450000
Jamaica,JAM,2009,130000
Jamaica,JAM,2010,190000
Jamaica,JAM,2011,9680000
Jamaica,JAM,2012,130000
Jamaica,JAM,2013,0
Jamaica,JAM,2014,61580000
Jamaica,JAM,2015,93130000
Jamaica,JAM,2016,19190000
Jamaica,JAM,2017,950000
Jamaica,JAM,2018,77680000
Jamaica,JAM,2019,200000
Jamaica,JAM,2020,3190000
Jamaica,JAM,2021,14550000
Jamaica,JAM,2022,340000
Jordan,JOR,2000,0
Jordan,JOR,2001,0
Jordan,JOR,2002,40000
Jordan,JOR,2003,260000
Jordan,JOR,2004,0
Jordan,JOR,2005,20000
Jordan,JOR,2006,0
Jordan,JOR,2007,210000
Jordan,JOR,2008,90000
Jordan,JOR,2009,15540000
Jordan,JOR,2010,6930000
Jordan,JOR,2011,51510000
Jordan,JOR,2012,10000
Jordan,JOR,2013,155700000
Jordan,JOR,2014,170170000
Jordan,JOR,2015,267899999.99999997
Jordan,JOR,2016,603890000
Jordan,JOR,2017,437180000
Jordan,JOR,2018,129740000.00000001
Jordan,JOR,2019,81420000
Jordan,JOR,2020,39470000
Jordan,JOR,2021,24710000
Jordan,JOR,2022,21160000
Kazakhstan,KAZ,2000,0
Kazakhstan,KAZ,2001,0
Kazakhstan,KAZ,2002,0
Kazakhstan,KAZ,2003,0
Kazakhstan,KAZ,2004,0
Kazakhstan,KAZ,2005,0
Kazakhstan,KAZ,2006,0
Kazakhstan,KAZ,2007,64170000
Kazakhstan,KAZ,2008,308450000
Kazakhstan,KAZ,2009,0
Kazakhstan,KAZ,2010,1420000
Kazakhstan,KAZ,2011,1890000
Kazakhstan,KAZ,2012,30060000
Kazakhstan,KAZ,2013,20000
Kazakhstan,KAZ,2014,40880000
Kazakhstan,KAZ,2015,53080000
Kazakhstan,KAZ,2016,50220000
Kazakhstan,KAZ,2017,164220000
Kazakhstan,KAZ,2018,274250000
Kazakhstan,KAZ,2019,647160000
Kazakhstan,KAZ,2020,29820000
Kazakhstan,KAZ,2021,45070000
Kazakhstan,KAZ,2022,410000
Kenya,KEN,2000,100000
Kenya,KEN,2001,0
Kenya,KEN,2002,0
Kenya,KEN,2003,360000
Kenya,KEN,2004,139480000
Kenya,KEN,2005,48450000
Kenya,KEN,2006,10000
Kenya,KEN,2007,59870000
Kenya,KEN,2008,33020000.000000004
Kenya,KEN,2009,38830000
Kenya,KEN,2010,647180000
Kenya,KEN,2011,548790000
Kenya,KEN,2012,157350000
Kenya,KEN,2013,17760000
Kenya,KEN,2014,879810000
Kenya,KEN,2015,310620000
Kenya,KEN,2016,742750000
Kenya,KEN,2017,177510000
Kenya,KEN,2018,233820000
Kenya,KEN,2019,218770000
Kenya,KEN,2020,38080000
Kenya,KEN,2021,110910000
Kenya,KEN,2022,124010000
Kiribati,KIR,2000,0
Kiribati,KIR,2001,0
Kiribati,KIR,2002,0
Kiribati,KIR,2003,0
Kiribati,KIR,2004,0
Kiribati,KIR,2005,0
Kiribati,KIR,2006,0
Kiribati,KIR,2007,0
Kiribati,KIR,2008,0
Kiribati,KIR,2009,5670000
Kiribati,KIR,2010,1070000
Kiribati,KIR,2011,0
Kiribati,KIR,2012,0
Kiribati,KIR,2013,5130000
Kiribati,KIR,2014,4740000
Kiribati,KIR,2015,0
Kiribati,KIR,2016,0
Kiribati,KIR,2017,0
Kiribati,KIR,2018,930000
Kiribati,KIR,2019,0
Kiribati,KIR,2020,13290000
Kiribati,KIR,2021,0
Kiribati,KIR,2022,60000
Kosovo,OWID_KOS,2000,0
Kosovo,OWID_KOS,2001,0
Kosovo,OWID_KOS,2002,0
Kosovo,OWID_KOS,2003,0
Kosovo,OWID_KOS,2004,0
Kosovo,OWID_KOS,2005,0
Kosovo,OWID_KOS,2006,0
Kosovo,OWID_KOS,2007,0
Kosovo,OWID_KOS,2008,0
Kosovo,OWID_KOS,2009,0
Kosovo,OWID_KOS,2010,0
Kosovo,OWID_KOS,2011,0
Kosovo,OWID_KOS,2012,0
Kosovo,OWID_KOS,2013,300000
Kosovo,OWID_KOS,2014,29120000
Kosovo,OWID_KOS,2015,27230000
Kosovo,OWID_KOS,2016,0
Kosovo,OWID_KOS,2017,740000
Kosovo,OWID_KOS,2018,610000
Kosovo,OWID_KOS,2019,93670000
Kosovo,OWID_KOS,2020,20000
Kosovo,OWID_KOS,2021,70000
Kosovo,OWID_KOS,2022,67740000
Kyrgyzstan,KGZ,2000,9210000
Kyrgyzstan,KGZ,2001,0
Kyrgyzstan,KGZ,2002,0
Kyrgyzstan,KGZ,2003,0
Kyrgyzstan,KGZ,2004,40000
Kyrgyzstan,KGZ,2005,0
Kyrgyzstan,KGZ,2006,0
Kyrgyzstan,KGZ,2007,0
Kyrgyzstan,KGZ,2008,430000
Kyrgyzstan,KGZ,2009,170000
Kyrgyzstan,KGZ,2010,1670000
Kyrgyzstan,KGZ,2011,26610000
Kyrgyzstan,KGZ,2012,660000
Kyrgyzstan,KGZ,2013,14700000
Kyrgyzstan,KGZ,2014,0
Kyrgyzstan,KGZ,2015,30000
Kyrgyzstan,KGZ,2016,41850000
Kyrgyzstan,KGZ,2017,1360000
Kyrgyzstan,KGZ,2018,80000
Kyrgyzstan,KGZ,2019,94380000
Kyrgyzstan,KGZ,2020,70000
Kyrgyzstan,KGZ,2021,0
Kyrgyzstan,KGZ,2022,50620000
Laos,LAO,2000,0
Laos,LAO,2001,0
Laos,LAO,2002,10240000
Laos,LAO,2003,200000
Laos,LAO,2004,362870000
Laos,LAO,2005,58380000
Laos,LAO,2006,3590000
Laos,LAO,2007,2320000
Laos,LAO,2008,183970000
Laos,LAO,2009,774280000
Laos,LAO,2010,11200000
Laos,LAO,2011,349210000
Laos,LAO,2012,927450000
Laos,LAO,2013,482630000
Laos,LAO,2014,1884870000
Laos,LAO,2015,86750000
Laos,LAO,2016,730580000
Laos,LAO,2017,2323560000
Laos,LAO,2018,438390000
Laos,LAO,2019,2530000
Laos,LAO,2020,500000
Laos,LAO,2021,40000
Laos,LAO,2022,155970000
Latin America and the Caribbean (UN),,2000,203760000
Latin America and the Caribbean (UN),,2001,186170000
Latin America and the Caribbean (UN),,2002,180120000
Latin America and the Caribbean (UN),,2003,93810000
Latin America and the Caribbean (UN),,2004,57270000
Latin America and the Caribbean (UN),,2005,371290000
Latin America and the Caribbean (UN),,2006,1268360000
Latin America and the Caribbean (UN),,2007,182220000
Latin America and the Caribbean (UN),,2008,172860000
Latin America and the Caribbean (UN),,2009,488870000
Latin America and the Caribbean (UN),,2010,4593310000
Latin America and the Caribbean (UN),,2011,2546700000
Latin America and the Caribbean (UN),,2012,2646820000
Latin America and the Caribbean (UN),,2013,3217720000
Latin America and the Caribbean (UN),,2014,6642960000
Latin America and the Caribbean (UN),,2015,2757460000
Latin America and the Caribbean (UN),,2016,5960550000
Latin America and the Caribbean (UN),,2017,4760120000
Latin America and the Caribbean (UN),,2018,2177730000
Latin America and the Caribbean (UN),,2019,2447920000
Latin America and the Caribbean (UN),,2020,3679140000
Latin America and the Caribbean (UN),,2021,1751820000
Latin America and the Caribbean (UN),,2022,3745850000
Least Developed Countries (LDCs),,2000,62380000
Least Developed Countries (LDCs),,2001,74140000
Least Developed Countries (LDCs),,2002,240530000
Least Developed Countries (LDCs),,2003,2185940000
Least Developed Countries (LDCs),,2004,450110000
Least Developed Countries (LDCs),,2005,1062569999.9999999
Least Developed Countries (LDCs),,2006,176970000
Least Developed Countries (LDCs),,2007,1282770000
Least Developed Countries (LDCs),,2008,978560000
Least Developed Countries (LDCs),,2009,1616420000
Least Developed Countries (LDCs),,2010,641000000
Least Developed Countries (LDCs),,2011,2188970000
Least Developed Countries (LDCs),,2012,1739830000
Least Developed Countries (LDCs),,2013,3188180000
Least Developed Countries (LDCs),,2014,3510440000
Least Developed Countries (LDCs),,2015,2565550000
Least Developed Countries (LDCs),,2016,7972430000
Least Developed Countries (LDCs),,2017,6438440000
Least Developed Countries (LDCs),,2018,3424020000
Least Developed Countries (LDCs),,2019,2167010000
Least Developed Countries (LDCs),,2020,1742760000
Least Developed Countries (LDCs),,2021,2121969999.9999998
Least Developed Countries (LDCs),,2022,2300480000
Lebanon,LBN,2000,0
Lebanon,LBN,2001,0
Lebanon,LBN,2002,0
Lebanon,LBN,2003,0
Lebanon,LBN,2004,80000
Lebanon,LBN,2005,0
Lebanon,LBN,2006,0
Lebanon,LBN,2007,860000
Lebanon,LBN,2008,0
Lebanon,LBN,2009,410000
Lebanon,LBN,2010,1800000
Lebanon,LBN,2011,0
Lebanon,LBN,2012,1550000
Lebanon,LBN,2013,20000
Lebanon,LBN,2014,2520000
Lebanon,LBN,2015,40250000
Lebanon,LBN,2016,25890000
Lebanon,LBN,2017,40000
Lebanon,LBN,2018,6810000
Lebanon,LBN,2019,340000
Lebanon,LBN,2020,180000
Lebanon,LBN,2021,2200000
Lebanon,LBN,2022,25560000
Lesotho,LSO,2000,0
Lesotho,LSO,2001,0
Lesotho,LSO,2002,0
Lesotho,LSO,2003,0
Lesotho,LSO,2004,60000
Lesotho,LSO,2005,100000
Lesotho,LSO,2006,60000
Lesotho,LSO,2007,10000
Lesotho,LSO,2008,0
Lesotho,LSO,2009,910000
Lesotho,LSO,2010,40000
Lesotho,LSO,2011,2820000
Lesotho,LSO,2012,230000
Lesotho,LSO,2013,100000
Lesotho,LSO,2014,10130000
Lesotho,LSO,2015,40000
Lesotho,LSO,2016,0
Lesotho,LSO,2017,0
Lesotho,LSO,2018,970000
Lesotho,LSO,2019,14780000
Lesotho,LSO,2020,81150000
Lesotho,LSO,2021,420000
Lesotho,LSO,2022,31380000
Liberia,LBR,2000,0
Liberia,LBR,2001,0
Liberia,LBR,2002,0
Liberia,LBR,2003,0
Liberia,LBR,2004,0
Liberia,LBR,2005,0
Liberia,LBR,2006,0
Liberia,LBR,2007,700000
Liberia,LBR,2008,190000
Liberia,LBR,2009,0
Liberia,LBR,2010,0
Liberia,LBR,2011,109100000
Liberia,LBR,2012,20000
Liberia,LBR,2013,97010000
Liberia,LBR,2014,200000
Liberia,LBR,2015,271780000
Liberia,LBR,2016,11620000
Liberia,LBR,2017,50440000
Liberia,LBR,2018,7020000
Liberia,LBR,2019,41760000
Liberia,LBR,2020,9620000
Liberia,LBR,2021,3560000
Liberia,LBR,2022,11010000
Libya,LBY,2000,0
Libya,LBY,2001,0
Libya,LBY,2002,0
Libya,LBY,2003,0
Libya,LBY,2004,0
Libya,LBY,2005,0
Libya,LBY,2006,0
Libya,LBY,2007,0
Libya,LBY,2008,0
Libya,LBY,2009,0
Libya,LBY,2010,0
Libya,LBY,2011,0
Libya,LBY,2012,0
Libya,LBY,2013,0
Libya,LBY,2014,0
Libya,LBY,2015,0
Libya,LBY,2016,0
Libya,LBY,2017,0
Libya,LBY,2018,0
Libya,LBY,2019,0
Libya,LBY,2020,10000
Libya,LBY,2021,5560000
Libya,LBY,2022,0
Macao,MAC,2000,0
Macao,MAC,2001,0
Macao,MAC,2002,0
Macao,MAC,2003,0
Macao,MAC,2004,0
Macao,MAC,2005,0
Macao,MAC,2006,0
Macao,MAC,2007,0
Macao,MAC,2008,0
Macao,MAC,2009,0
Macao,MAC,2010,0
Macao,MAC,2011,0
Macao,MAC,2012,0
Macao,MAC,2013,0
Macao,MAC,2014,0
Macao,MAC,2015,0
Macao,MAC,2016,0
Macao,MAC,2017,0
Macao,MAC,2018,0
Macao,MAC,2019,0
Macao,MAC,2020,0
Macao,MAC,2021,0
Macao,MAC,2022,0
Madagascar,MDG,2000,0
Madagascar,MDG,2001,0
Madagascar,MDG,2002,10000
Madagascar,MDG,2003,0
Madagascar,MDG,2004,9090000
Madagascar,MDG,2005,3560000
Madagascar,MDG,2006,7790000
Madagascar,MDG,2007,9350000
Madagascar,MDG,2008,3020000
Madagascar,MDG,2009,0
Madagascar,MDG,2010,0
Madagascar,MDG,2011,8060000.000000001
Madagascar,MDG,2012,50000
Madagascar,MDG,2013,3020000
Madagascar,MDG,2014,15440000
Madagascar,MDG,2015,5270000
Madagascar,MDG,2016,24750000
Madagascar,MDG,2017,30090000
Madagascar,MDG,2018,5810000
Madagascar,MDG,2019,48080000
Madagascar,MDG,2020,30540000
Madagascar,MDG,2021,7130000
Madagascar,MDG,2022,34140000
Malawi,MWI,2000,7490000
Malawi,MWI,2001,0
Malawi,MWI,2002,0
Malawi,MWI,2003,510000
Malawi,MWI,2004,60000
Malawi,MWI,2005,60000
Malawi,MWI,2006,50000
Malawi,MWI,2007,60000
Malawi,MWI,2008,0
Malawi,MWI,2009,80000
Malawi,MWI,2010,15710000
Malawi,MWI,2011,2630000
Malawi,MWI,2012,1890000
Malawi,MWI,2013,38230000
Malawi,MWI,2014,2029999.9999999998
Malawi,MWI,2015,64060000
Malawi,MWI,2016,380000
Malawi,MWI,2017,4139999.9999999995
Malawi,MWI,2018,18170000
Malawi,MWI,2019,113680000
Malawi,MWI,2020,3840000
Malawi,MWI,2021,17120000
Malawi,MWI,2022,80400000
Malaysia,MYS,2000,141000000
Malaysia,MYS,2001,0
Malaysia,MYS,2002,30000
Malaysia,MYS,2003,0
Malaysia,MYS,2004,310000
Malaysia,MYS,2005,0
Malaysia,MYS,2006,10000
Malaysia,MYS,2007,10000
Malaysia,MYS,2008,0
Malaysia,MYS,2009,30000
Malaysia,MYS,2010,140000
Malaysia,MYS,2011,60000
Malaysia,MYS,2012,4360000
Malaysia,MYS,2013,70000
Malaysia,MYS,2014,170000
Malaysia,MYS,2015,220000
Malaysia,MYS,2016,1320000
Malaysia,MYS,2017,50000
Malaysia,MYS,2018,50000
Malaysia,MYS,2019,20000
Malaysia,MYS,2020,4130000
Malaysia,MYS,2021,0
Malaysia,MYS,2022,40000
Maldives,MDV,2000,5360000
Maldives,MDV,2001,0
Maldives,MDV,2002,0
Maldives,MDV,2003,0
Maldives,MDV,2004,0
Maldives,MDV,2005,0
Maldives,MDV,2006,0
Maldives,MDV,2007,0
Maldives,MDV,2008,110000
Maldives,MDV,2009,450000
Maldives,MDV,2010,9690000
Maldives,MDV,2011,10000
Maldives,MDV,2012,30000
Maldives,MDV,2013,0
Maldives,MDV,2014,46520000
Maldives,MDV,2015,6800000
Maldives,MDV,2016,89200000
Maldives,MDV,2017,20000
Maldives,MDV,2018,6250000
Maldives,MDV,2019,4400000
Maldives,MDV,2020,23450000
Maldives,MDV,2021,27290000
Maldives,MDV,2022,690000
Mali,MLI,2000,3860000
Mali,MLI,2001,11200000
Mali,MLI,2002,10000
Mali,MLI,2003,20000
Mali,MLI,2004,70000
Mali,MLI,2005,6640000
Mali,MLI,2006,34280000
Mali,MLI,2007,110000
Mali,MLI,2008,50000
Mali,MLI,2009,41990000
Mali,MLI,2010,20000
Mali,MLI,2011,260000
Mali,MLI,2012,200000
Mali,MLI,2013,197400000
Mali,MLI,2014,2300000
Mali,MLI,2015,10340000
Mali,MLI,2016,67150000
Mali,MLI,2017,29430000
Mali,MLI,2018,23330000
Mali,MLI,2019,49260000
Mali,MLI,2020,550000
Mali,MLI,2021,9570000
Mali,MLI,2022,14920000
Marshall Islands,MHL,2000,0
Marshall Islands,MHL,2001,0
Marshall Islands,MHL,2002,0
Marshall Islands,MHL,2003,0
Marshall Islands,MHL,2004,0
Marshall Islands,MHL,2005,3420000
Marshall Islands,MHL,2006,0
Marshall Islands,MHL,2007,1000000
Marshall Islands,MHL,2008,0
Marshall Islands,MHL,2009,11060000
Marshall Islands,MHL,2010,0
Marshall Islands,MHL,2011,170000
Marshall Islands,MHL,2012,20000
Marshall Islands,MHL,2013,1410000
Marshall Islands,MHL,2014,10000
Marshall Islands,MHL,2015,4530000
Marshall Islands,MHL,2016,260000
Marshall Islands,MHL,2017,44550000
Marshall Islands,MHL,2018,0
Marshall Islands,MHL,2019,0
Marshall Islands,MHL,2020,0
Marshall Islands,MHL,2021,2700000
Marshall Islands,MHL,2022,30000
Mauritania,MRT,2000,0
Mauritania,MRT,2001,210000
Mauritania,MRT,2002,0
Mauritania,MRT,2003,0
Mauritania,MRT,2004,0
Mauritania,MRT,2005,0
Mauritania,MRT,2006,26510000
Mauritania,MRT,2007,80000
Mauritania,MRT,2008,0
Mauritania,MRT,2009,0
Mauritania,MRT,2010,0
Mauritania,MRT,2011,10000
Mauritania,MRT,2012,73930000
Mauritania,MRT,2013,230840000
Mauritania,MRT,2014,6600000
Mauritania,MRT,2015,130000
Mauritania,MRT,2016,195170000
Mauritania,MRT,2017,20160000
Mauritania,MRT,2018,760000
Mauritania,MRT,2019,13660000
Mauritania,MRT,2020,30280000
Mauritania,MRT,2021,20000
Mauritania,MRT,2022,13020000
Mauritius,MUS,2000,0
Mauritius,MUS,2001,0
Mauritius,MUS,2002,0
Mauritius,MUS,2003,0
Mauritius,MUS,2004,0
Mauritius,MUS,2005,0
Mauritius,MUS,2006,0
Mauritius,MUS,2007,0
Mauritius,MUS,2008,0
Mauritius,MUS,2009,0
Mauritius,MUS,2010,2230000
Mauritius,MUS,2011,0
Mauritius,MUS,2012,0
Mauritius,MUS,2013,64750000
Mauritius,MUS,2014,57940000
Mauritius,MUS,2015,10380000
Mauritius,MUS,2016,32189999.999999996
Mauritius,MUS,2017,380000
Mauritius,MUS,2018,0
Mauritius,MUS,2019,34650000
Mauritius,MUS,2020,1190000
Mauritius,MUS,2021,0
Mauritius,MUS,2022,0
Mexico,MEX,2000,2600000
Mexico,MEX,2001,3750000
Mexico,MEX,2002,15460000
Mexico,MEX,2003,270000
Mexico,MEX,2004,580000
Mexico,MEX,2005,36570000
Mexico,MEX,2006,35700000
Mexico,MEX,2007,180000
Mexico,MEX,2008,7300000
Mexico,MEX,2009,4920000
Mexico,MEX,2010,89890000
Mexico,MEX,2011,1080000
Mexico,MEX,2012,402560000
Mexico,MEX,2013,51460000
Mexico,MEX,2014,433360000
Mexico,MEX,2015,214220000
Mexico,MEX,2016,503860000
Mexico,MEX,2017,549750000
Mexico,MEX,2018,324870000
Mexico,MEX,2019,430540000
Mexico,MEX,2020,601330000
Mexico,MEX,2021,334370000
Mexico,MEX,2022,1480000
Micronesia (country),FSM,2000,0
Micronesia (country),FSM,2001,0
Micronesia (country),FSM,2002,0
Micronesia (country),FSM,2003,0
Micronesia (country),FSM,2004,0
Micronesia (country),FSM,2005,6070000
Micronesia (country),FSM,2006,0
Micronesia (country),FSM,2007,0
Micronesia (country),FSM,2008,0
Micronesia (country),FSM,2009,15170000
Micronesia (country),FSM,2010,0
Micronesia (country),FSM,2011,0
Micronesia (country),FSM,2012,20000
Micronesia (country),FSM,2013,6270000
Micronesia (country),FSM,2014,880000
Micronesia (country),FSM,2015,4450000
Micronesia (country),FSM,2016,10000
Micronesia (country),FSM,2017,1330000
Micronesia (country),FSM,2018,10960000
Micronesia (country),FSM,2019,29890000
Micronesia (country),FSM,2020,20000
Micronesia (country),FSM,2021,120000
Micronesia (country),FSM,2022,2640000
Moldova,MDA,2000,0
Moldova,MDA,2001,0
Moldova,MDA,2002,0
Moldova,MDA,2003,0
Moldova,MDA,2004,0
Moldova,MDA,2005,0
Moldova,MDA,2006,0
Moldova,MDA,2007,0
Moldova,MDA,2008,0
Moldova,MDA,2009,110000
Moldova,MDA,2010,20290000
Moldova,MDA,2011,3960000
Moldova,MDA,2012,3590000
Moldova,MDA,2013,25200000
Moldova,MDA,2014,300000
Moldova,MDA,2015,550000
Moldova,MDA,2016,260000
Moldova,MDA,2017,240000
Moldova,MDA,2018,100000
Moldova,MDA,2019,250000
Moldova,MDA,2020,90000
Moldova,MDA,2021,350000
Moldova,MDA,2022,910000
Mongolia,MNG,2000,5770000
Mongolia,MNG,2001,1850000
Mongolia,MNG,2002,1570000
Mongolia,MNG,2003,6330000
Mongolia,MNG,2004,0
Mongolia,MNG,2005,3110000
Mongolia,MNG,2006,6730000
Mongolia,MNG,2007,13850000
Mongolia,MNG,2008,4680000
Mongolia,MNG,2009,12380000
Mongolia,MNG,2010,12880000
Mongolia,MNG,2011,0
Mongolia,MNG,2012,32189999.999999996
Mongolia,MNG,2013,160000
Mongolia,MNG,2014,10000
Mongolia,MNG,2015,890000
Mongolia,MNG,2016,211300000
Mongolia,MNG,2017,92260000
Mongolia,MNG,2018,127180000
Mongolia,MNG,2019,11610000
Mongolia,MNG,2020,113770000
Mongolia,MNG,2021,2320000
Mongolia,MNG,2022,870000
Montenegro,MNE,2000,0
Montenegro,MNE,2001,0
Montenegro,MNE,2002,0
Montenegro,MNE,2003,0
Montenegro,MNE,2004,0
Montenegro,MNE,2005,0
Montenegro,MNE,2006,0
Montenegro,MNE,2007,1770000
Montenegro,MNE,2008,170000
Montenegro,MNE,2009,160000
Montenegro,MNE,2010,230000
Montenegro,MNE,2011,6950000
Montenegro,MNE,2012,0
Montenegro,MNE,2013,0
Montenegro,MNE,2014,30250000
Montenegro,MNE,2015,91810000
Montenegro,MNE,2016,5140000
Montenegro,MNE,2017,10000
Montenegro,MNE,2018,30000
Montenegro,MNE,2019,96780000
Montenegro,MNE,2020,18350000
Montenegro,MNE,2021,50000
Montenegro,MNE,2022,89400000
Montserrat,MSR,2000,0
Montserrat,MSR,2001,0
Montserrat,MSR,2002,0
Montserrat,MSR,2003,0
Montserrat,MSR,2004,0
Montserrat,MSR,2005,0
Montserrat,MSR,2006,0
Montserrat,MSR,2007,0
Montserrat,MSR,2008,1460000
Montserrat,MSR,2009,0
Montserrat,MSR,2010,0
Montserrat,MSR,2011,100000
Montserrat,MSR,2012,7640000
Montserrat,MSR,2013,640000
Montserrat,MSR,2014,1090000
Montserrat,MSR,2015,2280000
Montserrat,MSR,2016,9080000
Montserrat,MSR,2017,160000
Montserrat,MSR,2018,0
Montserrat,MSR,2019,0
Montserrat,MSR,2020,0
Montserrat,MSR,2021,0
Montserrat,MSR,2022,0
Morocco,MAR,2000,290000
Morocco,MAR,2001,1630000
Morocco,MAR,2002,30000
Morocco,MAR,2003,600000
Morocco,MAR,2004,170800000
Morocco,MAR,2005,202180000
Morocco,MAR,2006,78210000
Morocco,MAR,2007,198290000
Morocco,MAR,2008,247160000
Morocco,MAR,2009,132610000.00000001
Morocco,MAR,2010,8720000
Morocco,MAR,2011,239090000
Morocco,MAR,2012,1003890000
Morocco,MAR,2013,6420000
Morocco,MAR,2014,1583500000
Morocco,MAR,2015,257209999.99999997
Morocco,MAR,2016,457870000
Morocco,MAR,2017,130940000
Morocco,MAR,2018,897600000
Morocco,MAR,2019,697300000
Morocco,MAR,2020,268269999.99999997
Morocco,MAR,2021,1290000
Morocco,MAR,2022,70620000
Mozambique,MOZ,2000,50000
Mozambique,MOZ,2001,460000
Mozambique,MOZ,2002,14710000
Mozambique,MOZ,2003,4380000
Mozambique,MOZ,2004,1520000
Mozambique,MOZ,2005,950000
Mozambique,MOZ,2006,60000
Mozambique,MOZ,2007,5270000
Mozambique,MOZ,2008,7100000
Mozambique,MOZ,2009,2210000
Mozambique,MOZ,2010,100400000
Mozambique,MOZ,2011,17800000
Mozambique,MOZ,2012,81620000
Mozambique,MOZ,2013,42580000
Mozambique,MOZ,2014,10150000
Mozambique,MOZ,2015,5860000
Mozambique,MOZ,2016,34960000
Mozambique,MOZ,2017,88460000
Mozambique,MOZ,2018,10380000
Mozambique,MOZ,2019,205540000
Mozambique,MOZ,2020,205050000
Mozambique,MOZ,2021,83690000
Mozambique,MOZ,2022,121140000
Myanmar,MMR,2000,0
Myanmar,MMR,2001,0
Myanmar,MMR,2002,5340000
Myanmar,MMR,2003,488700000
Myanmar,MMR,2004,70000
Myanmar,MMR,2005,0
Myanmar,MMR,2006,0
Myanmar,MMR,2007,0
Myanmar,MMR,2008,0
Myanmar,MMR,2009,0
Myanmar,MMR,2010,90000
Myanmar,MMR,2011,0
Myanmar,MMR,2012,20000
Myanmar,MMR,2013,63940000
Myanmar,MMR,2014,10760000
Myanmar,MMR,2015,63210000
Myanmar,MMR,2016,4340000
Myanmar,MMR,2017,132530000
Myanmar,MMR,2018,24730000
Myanmar,MMR,2019,44480000
Myanmar,MMR,2020,68330000
Myanmar,MMR,2021,11650000
Myanmar,MMR,2022,18250000
Namibia,NAM,2000,120000
Namibia,NAM,2001,240000
Namibia,NAM,2002,30000
Namibia,NAM,2003,30000
Namibia,NAM,2004,110000
Namibia,NAM,2005,440000
Namibia,NAM,2006,240000
Namibia,NAM,2007,10000
Namibia,NAM,2008,51860000
Namibia,NAM,2009,0
Namibia,NAM,2010,52500000
Namibia,NAM,2011,60000
Namibia,NAM,2012,600000
Namibia,NAM,2013,0
Namibia,NAM,2014,80000
Namibia,NAM,2015,0
Namibia,NAM,2016,12740000
Namibia,NAM,2017,40900000
Namibia,NAM,2018,46190000
Namibia,NAM,2019,20000
Namibia,NAM,2020,0
Namibia,NAM,2021,180000
Namibia,NAM,2022,9000000
Nauru,NRU,2000,0
Nauru,NRU,2001,0
Nauru,NRU,2002,0
Nauru,NRU,2003,0
Nauru,NRU,2004,0
Nauru,NRU,2005,2270000
Nauru,NRU,2006,0
Nauru,NRU,2007,380000
Nauru,NRU,2008,0
Nauru,NRU,2009,0
Nauru,NRU,2010,0
Nauru,NRU,2011,0
Nauru,NRU,2012,0
Nauru,NRU,2013,0
Nauru,NRU,2014,10000
Nauru,NRU,2015,9730000
Nauru,NRU,2016,3250000
Nauru,NRU,2017,2990000
Nauru,NRU,2018,0
Nauru,NRU,2019,24090000
Nauru,NRU,2020,150000
Nauru,NRU,2021,50000
Nauru,NRU,2022,0
Nepal,NPL,2000,13070000
Nepal,NPL,2001,5870000
Nepal,NPL,2002,46260000
Nepal,NPL,2003,68380000
Nepal,NPL,2004,5860000
Nepal,NPL,2005,44340000
Nepal,NPL,2006,21410000
Nepal,NPL,2007,69660000
Nepal,NPL,2008,56310000
Nepal,NPL,2009,55950000
Nepal,NPL,2010,25280000
Nepal,NPL,2011,147220000
Nepal,NPL,2012,33430000
Nepal,NPL,2013,335810000
Nepal,NPL,2014,242760000
Nepal,NPL,2015,20260000
Nepal,NPL,2016,31960000
Nepal,NPL,2017,11630000
Nepal,NPL,2018,16290000
Nepal,NPL,2019,363000000
Nepal,NPL,2020,63220000
Nepal,NPL,2021,103240000
Nepal,NPL,2022,28510000
New Caledonia,NCL,2000,0
New Caledonia,NCL,2001,0
New Caledonia,NCL,2002,0
New Caledonia,NCL,2003,0
New Caledonia,NCL,2004,0
New Caledonia,NCL,2005,0
New Caledonia,NCL,2006,0
New Caledonia,NCL,2007,0
New Caledonia,NCL,2008,0
New Caledonia,NCL,2009,0
New Caledonia,NCL,2010,0
New Caledonia,NCL,2011,0
New Caledonia,NCL,2012,0
New Caledonia,NCL,2013,0
New Caledonia,NCL,2014,0
New Caledonia,NCL,2015,0
New Caledonia,NCL,2016,0
New Caledonia,NCL,2017,64870000.00000001
New Caledonia,NCL,2018,0
New Caledonia,NCL,2019,0
New Caledonia,NCL,2020,0
New Caledonia,NCL,2021,0
New Caledonia,NCL,2022,0
Nicaragua,NIC,2000,30000
Nicaragua,NIC,2001,20000
Nicaragua,NIC,2002,750000
Nicaragua,NIC,2003,16649999.999999998
Nicaragua,NIC,2004,200000
Nicaragua,NIC,2005,50000
Nicaragua,NIC,2006,60000
Nicaragua,NIC,2007,110000
Nicaragua,NIC,2008,2049999.9999999998
Nicaragua,NIC,2009,37760000
Nicaragua,NIC,2010,143800000
Nicaragua,NIC,2011,44440000
Nicaragua,NIC,2012,79380000
Nicaragua,NIC,2013,138060000
Nicaragua,NIC,2014,158850000
Nicaragua,NIC,2015,73850000
Nicaragua,NIC,2016,172200000
Nicaragua,NIC,2017,167350000
Nicaragua,NIC,2018,21640000
Nicaragua,NIC,2019,8480000
Nicaragua,NIC,2020,152670000
Nicaragua,NIC,2021,190510000
Nicaragua,NIC,2022,27930000
Niger,NER,2000,200000
Niger,NER,2001,3860000
Niger,NER,2002,1570000
Niger,NER,2003,0
Niger,NER,2004,0
Niger,NER,2005,50000
Niger,NER,2006,120000
Niger,NER,2007,0
Niger,NER,2008,10000
Niger,NER,2009,0
Niger,NER,2010,0
Niger,NER,2011,0
Niger,NER,2012,144600000
Niger,NER,2013,0
Niger,NER,2014,44820000
Niger,NER,2015,0
Niger,NER,2016,1290000
Niger,NER,2017,90760000
Niger,NER,2018,67080000
Niger,NER,2019,119080000
Niger,NER,2020,139390000
Niger,NER,2021,257250000
Niger,NER,2022,4960000
Nigeria,NGA,2000,0
Nigeria,NGA,2001,0
Nigeria,NGA,2002,0
Nigeria,NGA,2003,0
Nigeria,NGA,2004,190000
Nigeria,NGA,2005,20020000
Nigeria,NGA,2006,1230000
Nigeria,NGA,2007,550000
Nigeria,NGA,2008,0
Nigeria,NGA,2009,0
Nigeria,NGA,2010,620000
Nigeria,NGA,2011,18940000
Nigeria,NGA,2012,22220000
Nigeria,NGA,2013,1106740000
Nigeria,NGA,2014,27050000
Nigeria,NGA,2015,51350000
Nigeria,NGA,2016,66360000
Nigeria,NGA,2017,162690000
Nigeria,NGA,2018,108520000
Nigeria,NGA,2019,192740000
Nigeria,NGA,2020,279180000
Nigeria,NGA,2021,34600000
Nigeria,NGA,2022,11650000
Niue,NIU,2000,0
Niue,NIU,2001,0
Niue,NIU,2002,0
Niue,NIU,2003,0
Niue,NIU,2004,0
Niue,NIU,2005,2680000
Niue,NIU,2006,0
Niue,NIU,2007,0
Niue,NIU,2008,0
Niue,NIU,2009,3530000
Niue,NIU,2010,0
Niue,NIU,2011,0
Niue,NIU,2012,0
Niue,NIU,2013,400000
Niue,NIU,2014,0
Niue,NIU,2015,10000
Niue,NIU,2016,280000
Niue,NIU,2017,3970000
Niue,NIU,2018,0
Niue,NIU,2019,110000
Niue,NIU,2020,0
Niue,NIU,2021,0
Niue,NIU,2022,40000
North Korea,PRK,2000,0
North Korea,PRK,2001,0
North Korea,PRK,2002,40000
North Korea,PRK,2003,0
North Korea,PRK,2004,410000
North Korea,PRK,2005,150000
North Korea,PRK,2006,90000
North Korea,PRK,2007,0
North Korea,PRK,2008,0
North Korea,PRK,2009,0
North Korea,PRK,2010,0
North Korea,PRK,2011,0
North Korea,PRK,2012,30000
North Korea,PRK,2013,40000
North Korea,PRK,2014,0
North Korea,PRK,2015,0
North Korea,PRK,2016,370000
North Korea,PRK,2017,2640000
North Korea,PRK,2018,720000
North Korea,PRK,2019,1120000
North Korea,PRK,2020,0
North Korea,PRK,2021,0
North Korea,PRK,2022,0
North Macedonia,MKD,2000,380000
North Macedonia,MKD,2001,0
North Macedonia,MKD,2002,40000
North Macedonia,MKD,2003,0
North Macedonia,MKD,2004,310000
North Macedonia,MKD,2005,470000
North Macedonia,MKD,2006,2570000
North Macedonia,MKD,2007,100000
North Macedonia,MKD,2008,0
North Macedonia,MKD,2009,440000
North Macedonia,MKD,2010,39500000
North Macedonia,MKD,2011,46960000
North Macedonia,MKD,2012,0
North Macedonia,MKD,2013,20690000
North Macedonia,MKD,2014,0
North Macedonia,MKD,2015,0
North Macedonia,MKD,2016,10000
North Macedonia,MKD,2017,5180000
North Macedonia,MKD,2018,8880000
North Macedonia,MKD,2019,0
North Macedonia,MKD,2020,23310000
North Macedonia,MKD,2021,11960000
North Macedonia,MKD,2022,138460000
Northern Africa (UN),,2000,16550000
Northern Africa (UN),,2001,42900000
Northern Africa (UN),,2002,6760000
Northern Africa (UN),,2003,1704570000
Northern Africa (UN),,2004,223360000
Northern Africa (UN),,2005,715050000
Northern Africa (UN),,2006,114920000
Northern Africa (UN),,2007,315100000
Northern Africa (UN),,2008,592070000
Northern Africa (UN),,2009,554680000
Northern Africa (UN),,2010,1343540000
Northern Africa (UN),,2011,402300000
Northern Africa (UN),,2012,1220080000
Northern Africa (UN),,2013,203910000
Northern Africa (UN),,2014,1842860000
Northern Africa (UN),,2015,572910000
Northern Africa (UN),,2016,853230000
Northern Africa (UN),,2017,2221370000
Northern Africa (UN),,2018,962690000
Northern Africa (UN),,2019,1446550000
Northern Africa (UN),,2020,568320000
Northern Africa (UN),,2021,196430000
Northern Africa (UN),,2022,954150000
Northern Africa and Western Asia (UN),,2000,165810000
Northern Africa and Western Asia (UN),,2001,71840000
Northern Africa and Western Asia (UN),,2002,6860000
Northern Africa and Western Asia (UN),,2003,1735140000
Northern Africa and Western Asia (UN),,2004,379290000
Northern Africa and Western Asia (UN),,2005,732110000
Northern Africa and Western Asia (UN),,2006,180550000
Northern Africa and Western Asia (UN),,2007,357550000
Northern Africa and Western Asia (UN),,2008,666860000
Northern Africa and Western Asia (UN),,2009,1129780000
Northern Africa and Western Asia (UN),,2010,2144830000
Northern Africa and Western Asia (UN),,2011,1484440000
Northern Africa and Western Asia (UN),,2012,1742390000
Northern Africa and Western Asia (UN),,2013,1055180000.0000001
Northern Africa and Western Asia (UN),,2014,2850430000
Northern Africa and Western Asia (UN),,2015,1495880000
Northern Africa and Western Asia (UN),,2016,3604600000
Northern Africa and Western Asia (UN),,2017,3264760000
Northern Africa and Western Asia (UN),,2018,2494580000
Northern Africa and Western Asia (UN),,2019,1990430000
Northern Africa and Western Asia (UN),,2020,1042960000
Northern Africa and Western Asia (UN),,2021,730830000
Northern Africa and Western Asia (UN),,2022,1721330000
Oceania (UN),,2000,0
Oceania (UN),,2001,0
Oceania (UN),,2002,60000
Oceania (UN),,2003,50000
Oceania (UN),,2004,370000
Oceania (UN),,2005,18090000
Oceania (UN),,2006,500000
Oceania (UN),,2007,14620000
Oceania (UN),,2008,220000
Oceania (UN),,2009,151760000
Oceania (UN),,2010,9400000
Oceania (UN),,2011,64830000
Oceania (UN),,2012,23400000
Oceania (UN),,2013,68670000
Oceania (UN),,2014,114980000
Oceania (UN),,2015,98160000
Oceania (UN),,2016,55620000
Oceania (UN),,2017,347790000
Oceania (UN),,2018,84100000
Oceania (UN),,2019,145670000
Oceania (UN),,2020,21790000
Oceania (UN),,2021,12990000
Oceania (UN),,2022,98930000
Pakistan,PAK,2000,50000
Pakistan,PAK,2001,354450000
Pakistan,PAK,2002,200000
Pakistan,PAK,2003,3100000
Pakistan,PAK,2004,50000
Pakistan,PAK,2005,4530000
Pakistan,PAK,2006,7590000
Pakistan,PAK,2007,134039999.99999999
Pakistan,PAK,2008,153270000
Pakistan,PAK,2009,130350000
Pakistan,PAK,2010,288690000
Pakistan,PAK,2011,357150000
Pakistan,PAK,2012,1004220000
Pakistan,PAK,2013,260610000
Pakistan,PAK,2014,598710000
Pakistan,PAK,2015,1600080000
Pakistan,PAK,2016,989780000
Pakistan,PAK,2017,1345540000
Pakistan,PAK,2018,108630000
Pakistan,PAK,2019,296010000
Pakistan,PAK,2020,925850000
Pakistan,PAK,2021,833190000
Pakistan,PAK,2022,103090000
Palau,PLW,2000,0
Palau,PLW,2001,0
Palau,PLW,2002,0
Palau,PLW,2003,0
Palau,PLW,2004,0
Palau,PLW,2005,2530000
Palau,PLW,2006,0
Palau,PLW,2007,430000
Palau,PLW,2008,0
Palau,PLW,2009,7790000
Palau,PLW,2010,0
Palau,PLW,2011,0
Palau,PLW,2012,0
Palau,PLW,2013,10000
Palau,PLW,2014,0
Palau,PLW,2015,5680000
Palau,PLW,2016,10000
Palau,PLW,2017,0
Palau,PLW,2018,0
Palau,PLW,2019,1300000
Palau,PLW,2020,140000
Palau,PLW,2021,60000
Palau,PLW,2022,41500000
Palestine,PSE,2000,40000
Palestine,PSE,2001,30000
Palestine,PSE,2002,0
Palestine,PSE,2003,0
Palestine,PSE,2004,0
Palestine,PSE,2005,30000
Palestine,PSE,2006,0
Palestine,PSE,2007,440000
Palestine,PSE,2008,90000
Palestine,PSE,2009,5470000
Palestine,PSE,2010,1500000
Palestine,PSE,2011,900000
Palestine,PSE,2012,1490000
Palestine,PSE,2013,1070000
Palestine,PSE,2014,2170000
Palestine,PSE,2015,25160000
Palestine,PSE,2016,3150000
Palestine,PSE,2017,6870000
Palestine,PSE,2018,49300000
Palestine,PSE,2019,18570000
Palestine,PSE,2020,12940000
Palestine,PSE,2021,25270000
Palestine,PSE,2022,21960000
Panama,PAN,2000,0
Panama,PAN,2001,250000
Panama,PAN,2002,0
Panama,PAN,2003,0
Panama,PAN,2004,0
Panama,PAN,2005,0
Panama,PAN,2006,0
Panama,PAN,2007,0
Panama,PAN,2008,10000
Panama,PAN,2009,10000
Panama,PAN,2010,10070000
Panama,PAN,2011,73270000
Panama,PAN,2012,0
Panama,PAN,2013,1970000
Panama,PAN,2014,202330000
Panama,PAN,2015,51800000
Panama,PAN,2016,401590000
Panama,PAN,2017,137140000
Panama,PAN,2018,380000
Panama,PAN,2019,98540000
Panama,PAN,2020,283160000
Panama,PAN,2021,280000
Panama,PAN,2022,370000
Papua New Guinea,PNG,2000,0
Papua New Guinea,PNG,2001,0
Papua New Guinea,PNG,2002,0
Papua New Guinea,PNG,2003,0
Papua New Guinea,PNG,2004,10000
Papua New Guinea,PNG,2005,0
Papua New Guinea,PNG,2006,0
Papua New Guinea,PNG,2007,40000
Papua New Guinea,PNG,2008,30000
Papua New Guinea,PNG,2009,0
Papua New Guinea,PNG,2010,0
Papua New Guinea,PNG,2011,41250000
Papua New Guinea,PNG,2012,0
Papua New Guinea,PNG,2013,7030000
Papua New Guinea,PNG,2014,0
Papua New Guinea,PNG,2015,9420000
Papua New Guinea,PNG,2016,35440000
Papua New Guinea,PNG,2017,930000
Papua New Guinea,PNG,2018,150000
Papua New Guinea,PNG,2019,140000
Papua New Guinea,PNG,2020,100000
Papua New Guinea,PNG,2021,170000
Papua New Guinea,PNG,2022,11030000
Paraguay,PRY,2000,0
Paraguay,PRY,2001,10000
Paraguay,PRY,2002,0
Paraguay,PRY,2003,0
Paraguay,PRY,2004,0
Paraguay,PRY,2005,0
Paraguay,PRY,2006,190990000
Paraguay,PRY,2007,0
Paraguay,PRY,2008,0
Paraguay,PRY,2009,90000
Paraguay,PRY,2010,100000
Paraguay,PRY,2011,40000
Paraguay,PRY,2012,0
Paraguay,PRY,2013,90000
Paraguay,PRY,2014,0
Paraguay,PRY,2015,0
Paraguay,PRY,2016,400000
Paraguay,PRY,2017,0
Paraguay,PRY,2018,142930000
Paraguay,PRY,2019,780000
Paraguay,PRY,2020,426240000
Paraguay,PRY,2021,90000
Paraguay,PRY,2022,103530000
Peru,PER,2000,1170000
Peru,PER,2001,210000
Peru,PER,2002,100780000
Peru,PER,2003,310000
Peru,PER,2004,120000
Peru,PER,2005,310000
Peru,PER,2006,8230000
Peru,PER,2007,750000
Peru,PER,2008,970000
Peru,PER,2009,1680000
Peru,PER,2010,99240000
Peru,PER,2011,239930000
Peru,PER,2012,254170000
Peru,PER,2013,313220000
Peru,PER,2014,203240000
Peru,PER,2015,92990000
Peru,PER,2016,112860000
Peru,PER,2017,191550000
Peru,PER,2018,75470000
Peru,PER,2019,1190000
Peru,PER,2020,25800000
Peru,PER,2021,106520000
Peru,PER,2022,420470000
Philippines,PHL,2000,13270000
Philippines,PHL,2001,30000
Philippines,PHL,2002,50340000
Philippines,PHL,2003,32310000.000000004
Philippines,PHL,2004,6570000
Philippines,PHL,2005,13280000
Philippines,PHL,2006,30050000
Philippines,PHL,2007,228880000
Philippines,PHL,2008,155700000
Philippines,PHL,2009,4099999.9999999995
Philippines,PHL,2010,7500000
Philippines,PHL,2011,76500000
Philippines,PHL,2012,1300000
Philippines,PHL,2013,57140000
Philippines,PHL,2014,10140000
Philippines,PHL,2015,24910000
Philippines,PHL,2016,108140000
Philippines,PHL,2017,1600000
Philippines,PHL,2018,98210000
Philippines,PHL,2019,2180000
Philippines,PHL,2020,1770000
Philippines,PHL,2021,49680000
Philippines,PHL,2022,9650000
Rwanda,RWA,2000,170000
Rwanda,RWA,2001,0
Rwanda,RWA,2002,0
Rwanda,RWA,2003,0
Rwanda,RWA,2004,0
Rwanda,RWA,2005,8840000
Rwanda,RWA,2006,580000
Rwanda,RWA,2007,22790000
Rwanda,RWA,2008,29380000
Rwanda,RWA,2009,25740000
Rwanda,RWA,2010,2330000
Rwanda,RWA,2011,7130000
Rwanda,RWA,2012,770000
Rwanda,RWA,2013,105610000
Rwanda,RWA,2014,53120000
Rwanda,RWA,2015,0
Rwanda,RWA,2016,45830000
Rwanda,RWA,2017,88950000
Rwanda,RWA,2018,17400000
Rwanda,RWA,2019,1730000
Rwanda,RWA,2020,309120000
Rwanda,RWA,2021,88340000
Rwanda,RWA,2022,29030000
Saint Helena,SHN,2000,0
Saint Helena,SHN,2001,0
Saint Helena,SHN,2002,0
Saint Helena,SHN,2003,190000
Saint Helena,SHN,2004,0
Saint Helena,SHN,2005,0
Saint Helena,SHN,2006,0
Saint Helena,SHN,2007,0
Saint Helena,SHN,2008,140000
Saint Helena,SHN,2009,0
Saint Helena,SHN,2010,0
Saint Helena,SHN,2011,0
Saint Helena,SHN,2012,0
Saint Helena,SHN,2013,0
Saint Helena,SHN,2014,0
Saint Helena,SHN,2015,1610000
Saint Helena,SHN,2016,0
Saint Helena,SHN,2017,0
Saint Helena,SHN,2018,0
Saint Helena,SHN,2019,0
Saint Helena,SHN,2020,0
Saint Helena,SHN,2021,0
Saint Helena,SHN,2022,0
Saint Lucia,LCA,2000,0
Saint Lucia,LCA,2001,0
Saint Lucia,LCA,2002,0
Saint Lucia,LCA,2003,0
Saint Lucia,LCA,2004,0
Saint Lucia,LCA,2005,0
Saint Lucia,LCA,2006,0
Saint Lucia,LCA,2007,0
Saint Lucia,LCA,2008,0
Saint Lucia,LCA,2009,0
Saint Lucia,LCA,2010,0
Saint Lucia,LCA,2011,0
Saint Lucia,LCA,2012,0
Saint Lucia,LCA,2013,0
Saint Lucia,LCA,2014,1020000
Saint Lucia,LCA,2015,10000
Saint Lucia,LCA,2016,0
Saint Lucia,LCA,2017,10680000
Saint Lucia,LCA,2018,0
Saint Lucia,LCA,2019,0
Saint Lucia,LCA,2020,0
Saint Lucia,LCA,2021,6830000
Saint Lucia,LCA,2022,630000
Saint Vincent and the Grenadines,VCT,2000,0
Saint Vincent and the Grenadines,VCT,2001,0
Saint Vincent and the Grenadines,VCT,2002,0
Saint Vincent and the Grenadines,VCT,2003,0
Saint Vincent and the Grenadines,VCT,2004,0
Saint Vincent and the Grenadines,VCT,2005,0
Saint Vincent and the Grenadines,VCT,2006,0
Saint Vincent and the Grenadines,VCT,2007,0
Saint Vincent and the Grenadines,VCT,2008,400000
Saint Vincent and the Grenadines,VCT,2009,0
Saint Vincent and the Grenadines,VCT,2010,0
Saint Vincent and the Grenadines,VCT,2011,0
Saint Vincent and the Grenadines,VCT,2012,0
Saint Vincent and the Grenadines,VCT,2013,10000
Saint Vincent and the Grenadines,VCT,2014,30000
Saint Vincent and the Grenadines,VCT,2015,0
Saint Vincent and the Grenadines,VCT,2016,34700000
Saint Vincent and the Grenadines,VCT,2017,3390000
Saint Vincent and the Grenadines,VCT,2018,0
Saint Vincent and the Grenadines,VCT,2019,0
Saint Vincent and the Grenadines,VCT,2020,0
Saint Vincent and the Grenadines,VCT,2021,0
Saint Vincent and the Grenadines,VCT,2022,0
Samoa,WSM,2000,0
Samoa,WSM,2001,0
Samoa,WSM,2002,0
Samoa,WSM,2003,0
Samoa,WSM,2004,0
Samoa,WSM,2005,0
Samoa,WSM,2006,0
Samoa,WSM,2007,0
Samoa,WSM,2008,0
Samoa,WSM,2009,0
Samoa,WSM,2010,230000
Samoa,WSM,2011,0
Samoa,WSM,2012,0
Samoa,WSM,2013,5140000
Samoa,WSM,2014,35900000
Samoa,WSM,2015,10000
Samoa,WSM,2016,0
Samoa,WSM,2017,2240000
Samoa,WSM,2018,0
Samoa,WSM,2019,0
Samoa,WSM,2020,0
Samoa,WSM,2021,20000
Samoa,WSM,2022,30000
Sao Tome and Principe,STP,2000,0
Sao Tome and Principe,STP,2001,1200000
Sao Tome and Principe,STP,2002,1330000
Sao Tome and Principe,STP,2003,0
Sao Tome and Principe,STP,2004,70000
Sao Tome and Principe,STP,2005,210000
Sao Tome and Principe,STP,2006,0
Sao Tome and Principe,STP,2007,0
Sao Tome and Principe,STP,2008,0
Sao Tome and Principe,STP,2009,0
Sao Tome and Principe,STP,2010,130000
Sao Tome and Principe,STP,2011,280000
Sao Tome and Principe,STP,2012,20000
Sao Tome and Principe,STP,2013,5530000
Sao Tome and Principe,STP,2014,130000
Sao Tome and Principe,STP,2015,390000
Sao Tome and Principe,STP,2016,340000
Sao Tome and Principe,STP,2017,10000
Sao Tome and Principe,STP,2018,0
Sao Tome and Principe,STP,2019,0
Sao Tome and Principe,STP,2020,14800000
Sao Tome and Principe,STP,2021,2220000
Sao Tome and Principe,STP,2022,14330000
Senegal,SEN,2000,180000
Senegal,SEN,2001,12670000
Senegal,SEN,2002,2260000
Senegal,SEN,2003,37140000
Senegal,SEN,2004,14620000
Senegal,SEN,2005,7270000
Senegal,SEN,2006,36610000
Senegal,SEN,2007,780000
Senegal,SEN,2008,0
Senegal,SEN,2009,41590000
Senegal,SEN,2010,1220000
Senegal,SEN,2011,1550000
Senegal,SEN,2012,9400000
Senegal,SEN,2013,179330000
Senegal,SEN,2014,130000
Senegal,SEN,2015,42330000
Senegal,SEN,2016,362980000
Senegal,SEN,2017,47800000
Senegal,SEN,2018,106730000
Senegal,SEN,2019,73580000
Senegal,SEN,2020,115670000
Senegal,SEN,2021,27150000
Senegal,SEN,2022,88370000
Serbia,SRB,2000,0
Serbia,SRB,2001,0
Serbia,SRB,2002,16649999.999999998
Serbia,SRB,2003,7740000
Serbia,SRB,2004,7850000
Serbia,SRB,2005,45740000
Serbia,SRB,2006,22370000
Serbia,SRB,2007,45930000
Serbia,SRB,2008,18160000
Serbia,SRB,2009,170000
Serbia,SRB,2010,101100000
Serbia,SRB,2011,125860000
Serbia,SRB,2012,3220000
Serbia,SRB,2013,14720000
Serbia,SRB,2014,3720000
Serbia,SRB,2015,4890000
Serbia,SRB,2016,19670000
Serbia,SRB,2017,412760000
Serbia,SRB,2018,107400000
Serbia,SRB,2019,14410000
Serbia,SRB,2020,11270000
Serbia,SRB,2021,13910000
Serbia,SRB,2022,42400000
Seychelles,SYC,2000,0
Seychelles,SYC,2001,0
Seychelles,SYC,2002,0
Seychelles,SYC,2003,0
Seychelles,SYC,2004,0
Seychelles,SYC,2005,0
Seychelles,SYC,2006,0
Seychelles,SYC,2007,0
Seychelles,SYC,2008,0
Seychelles,SYC,2009,0
Seychelles,SYC,2010,0
Seychelles,SYC,2011,10000
Seychelles,SYC,2012,0
Seychelles,SYC,2013,0
Seychelles,SYC,2014,80000
Seychelles,SYC,2015,40000
Seychelles,SYC,2016,670000
Seychelles,SYC,2017,1040000
Seychelles,SYC,2018,0
Seychelles,SYC,2019,0
Seychelles,SYC,2020,0
Seychelles,SYC,2021,0
Seychelles,SYC,2022,0
Sierra Leone,SLE,2000,0
Sierra Leone,SLE,2001,0
Sierra Leone,SLE,2002,0
Sierra Leone,SLE,2003,0
Sierra Leone,SLE,2004,26820000
Sierra Leone,SLE,2005,61280000
Sierra Leone,SLE,2006,10000
Sierra Leone,SLE,2007,16810000
Sierra Leone,SLE,2008,17020000
Sierra Leone,SLE,2009,50000
Sierra Leone,SLE,2010,10160000
Sierra Leone,SLE,2011,0
Sierra Leone,SLE,2012,0
Sierra Leone,SLE,2013,0
Sierra Leone,SLE,2014,9190000
Sierra Leone,SLE,2015,0
Sierra Leone,SLE,2016,32020000.000000004
Sierra Leone,SLE,2017,400000
Sierra Leone,SLE,2018,250000
Sierra Leone,SLE,2019,190000
Sierra Leone,SLE,2020,1590000
Sierra Leone,SLE,2021,15310000
Sierra Leone,SLE,2022,31330000
Small Island Developing States (SIDS),,2000,25250000
Small Island Developing States (SIDS),,2001,33259999.999999996
Small Island Developing States (SIDS),,2002,8980000
Small Island Developing States (SIDS),,2003,5640000
Small Island Developing States (SIDS),,2004,2130000
Small Island Developing States (SIDS),,2005,27760000
Small Island Developing States (SIDS),,2006,3180000
Small Island Developing States (SIDS),,2007,16390000
Small Island Developing States (SIDS),,2008,3390000
Small Island Developing States (SIDS),,2009,174940000
Small Island Developing States (SIDS),,2010,195720000
Small Island Developing States (SIDS),,2011,129039999.99999999
Small Island Developing States (SIDS),,2012,66110000
Small Island Developing States (SIDS),,2013,186050000
Small Island Developing States (SIDS),,2014,295090000
Small Island Developing States (SIDS),,2015,365310000
Small Island Developing States (SIDS),,2016,396230000
Small Island Developing States (SIDS),,2017,580910000
Small Island Developing States (SIDS),,2018,234290000
Small Island Developing States (SIDS),,2019,361430000
Small Island Developing States (SIDS),,2020,318430000
Small Island Developing States (SIDS),,2021,209470000
Small Island Developing States (SIDS),,2022,324950000
Solomon Islands,SLB,2000,0
Solomon Islands,SLB,2001,0
Solomon Islands,SLB,2002,0
Solomon Islands,SLB,2003,0
Solomon Islands,SLB,2004,0
Solomon Islands,SLB,2005,0
Solomon Islands,SLB,2006,0
Solomon Islands,SLB,2007,0
Solomon Islands,SLB,2008,100000
Solomon Islands,SLB,2009,100000
Solomon Islands,SLB,2010,0
Solomon Islands,SLB,2011,10000
Solomon Islands,SLB,2012,1250000
Solomon Islands,SLB,2013,10000
Solomon Islands,SLB,2014,14370000
Solomon Islands,SLB,2015,7580000
Solomon Islands,SLB,2016,7790000
Solomon Islands,SLB,2017,177820000
Solomon Islands,SLB,2018,22770000
Solomon Islands,SLB,2019,50820000
Solomon Islands,SLB,2020,1090000
Solomon Islands,SLB,2021,1760000
Solomon Islands,SLB,2022,20000
Somalia,SOM,2000,0
Somalia,SOM,2001,0
Somalia,SOM,2002,0
Somalia,SOM,2003,0
Somalia,SOM,2004,0
Somalia,SOM,2005,0
Somalia,SOM,2006,0
Somalia,SOM,2007,0
Somalia,SOM,2008,0
Somalia,SOM,2009,0
Somalia,SOM,2010,0
Somalia,SOM,2011,0
Somalia,SOM,2012,0
Somalia,SOM,2013,3710000
Somalia,SOM,2014,0
Somalia,SOM,2015,360000
Somalia,SOM,2016,890000
Somalia,SOM,2017,20000
Somalia,SOM,2018,3710000
Somalia,SOM,2019,23570000
Somalia,SOM,2020,220000
Somalia,SOM,2021,150010000
Somalia,SOM,2022,14500000
South Africa,ZAF,2000,7740000
South Africa,ZAF,2001,1370000
South Africa,ZAF,2002,28480000
South Africa,ZAF,2003,0
South Africa,ZAF,2004,40000
South Africa,ZAF,2005,14590000
South Africa,ZAF,2006,8560000
South Africa,ZAF,2007,1280000
South Africa,ZAF,2008,1300000
South Africa,ZAF,2009,110000
South Africa,ZAF,2010,285310000
South Africa,ZAF,2011,289920000
South Africa,ZAF,2012,224390000
South Africa,ZAF,2013,670590000
South Africa,ZAF,2014,221700000
South Africa,ZAF,2015,850500000
South Africa,ZAF,2016,813470000
South Africa,ZAF,2017,1760070000
South Africa,ZAF,2018,520030000
South Africa,ZAF,2019,180180000
South Africa,ZAF,2020,343410000
South Africa,ZAF,2021,333020000
South Africa,ZAF,2022,1210090000
South Sudan,SSD,2000,0
South Sudan,SSD,2001,0
South Sudan,SSD,2002,0
South Sudan,SSD,2003,0
South Sudan,SSD,2004,0
South Sudan,SSD,2005,0
South Sudan,SSD,2006,0
South Sudan,SSD,2007,0
South Sudan,SSD,2008,0
South Sudan,SSD,2009,0
South Sudan,SSD,2010,0
South Sudan,SSD,2011,1140000
South Sudan,SSD,2012,1920000
South Sudan,SSD,2013,1700000
South Sudan,SSD,2014,0
South Sudan,SSD,2015,80000
South Sudan,SSD,2016,30000
South Sudan,SSD,2017,340000
South Sudan,SSD,2018,320000
South Sudan,SSD,2019,110000
South Sudan,SSD,2020,60000
South Sudan,SSD,2021,210000
South Sudan,SSD,2022,10000
Sri Lanka,LKA,2000,1700000
Sri Lanka,LKA,2001,4360000
Sri Lanka,LKA,2002,397020000
Sri Lanka,LKA,2003,40000
Sri Lanka,LKA,2004,150000
Sri Lanka,LKA,2005,27240000
Sri Lanka,LKA,2006,315510000
Sri Lanka,LKA,2007,41750000
Sri Lanka,LKA,2008,130000
Sri Lanka,LKA,2009,11970000
Sri Lanka,LKA,2010,44670000
Sri Lanka,LKA,2011,7760000
Sri Lanka,LKA,2012,2320000
Sri Lanka,LKA,2013,2540000
Sri Lanka,LKA,2014,131020000.00000001
Sri Lanka,LKA,2015,490000
Sri Lanka,LKA,2016,67130000
Sri Lanka,LKA,2017,231520000
Sri Lanka,LKA,2018,1315200000
Sri Lanka,LKA,2019,180000
Sri Lanka,LKA,2020,610000
Sri Lanka,LKA,2021,480000
Sri Lanka,LKA,2022,18460000
Sub-Saharan Africa (UN),,2000,82580000
Sub-Saharan Africa (UN),,2001,120340000
Sub-Saharan Africa (UN),,2002,168360000
Sub-Saharan Africa (UN),,2003,68120000
Sub-Saharan Africa (UN),,2004,205410000
Sub-Saharan Africa (UN),,2005,608510000
Sub-Saharan Africa (UN),,2006,747190000
Sub-Saharan Africa (UN),,2007,2312000000
Sub-Saharan Africa (UN),,2008,1391610000
Sub-Saharan Africa (UN),,2009,852860000
Sub-Saharan Africa (UN),,2010,1653640000
Sub-Saharan Africa (UN),,2011,3002390000
Sub-Saharan Africa (UN),,2012,1523250000
Sub-Saharan Africa (UN),,2013,4721630000
Sub-Saharan Africa (UN),,2014,2677730000
Sub-Saharan Africa (UN),,2015,3882700000
Sub-Saharan Africa (UN),,2016,9872530000
Sub-Saharan Africa (UN),,2017,6222320000
Sub-Saharan Africa (UN),,2018,4912540000
Sub-Saharan Africa (UN),,2019,3079700000
Sub-Saharan Africa (UN),,2020,2794260000
Sub-Saharan Africa (UN),,2021,4447670000
Sub-Saharan Africa (UN),,2022,4560190000
Sudan,SDN,2000,0
Sudan,SDN,2001,0
Sudan,SDN,2002,0
Sudan,SDN,2003,1483540000
Sudan,SDN,2004,0
Sudan,SDN,2005,380410000
Sudan,SDN,2006,9360000
Sudan,SDN,2007,0
Sudan,SDN,2008,0
Sudan,SDN,2009,0
Sudan,SDN,2010,93380000
Sudan,SDN,2011,30260000
Sudan,SDN,2012,140000
Sudan,SDN,2013,3650000
Sudan,SDN,2014,430000
Sudan,SDN,2015,30000
Sudan,SDN,2016,50000
Sudan,SDN,2017,10000
Sudan,SDN,2018,2710000
Sudan,SDN,2019,226600000
Sudan,SDN,2020,19720000
Sudan,SDN,2021,290000
Sudan,SDN,2022,20000
Suriname,SUR,2000,0
Suriname,SUR,2001,0
Suriname,SUR,2002,0
Suriname,SUR,2003,0
Suriname,SUR,2004,0
Suriname,SUR,2005,0
Suriname,SUR,2006,0
Suriname,SUR,2007,0
Suriname,SUR,2008,0
Suriname,SUR,2009,430000
Suriname,SUR,2010,0
Suriname,SUR,2011,4440000
Suriname,SUR,2012,0
Suriname,SUR,2013,20000
Suriname,SUR,2014,0
Suriname,SUR,2015,0
Suriname,SUR,2016,0
Suriname,SUR,2017,10000
Suriname,SUR,2018,310000
Suriname,SUR,2019,24630000
Suriname,SUR,2020,3190000
Suriname,SUR,2021,550000
Suriname,SUR,2022,340000
Syria,SYR,2000,0
Syria,SYR,2001,0
Syria,SYR,2002,0
Syria,SYR,2003,0
Syria,SYR,2004,0
Syria,SYR,2005,0
Syria,SYR,2006,0
Syria,SYR,2007,0
Syria,SYR,2008,0
Syria,SYR,2009,0
Syria,SYR,2010,5210000
Syria,SYR,2011,0
Syria,SYR,2012,0
Syria,SYR,2013,0
Syria,SYR,2014,0
Syria,SYR,2015,0
Syria,SYR,2016,0
Syria,SYR,2017,0
Syria,SYR,2018,60000
Syria,SYR,2019,0
Syria,SYR,2020,0
Syria,SYR,2021,0
Syria,SYR,2022,610000
Tajikistan,TJK,2000,0
Tajikistan,TJK,2001,0
Tajikistan,TJK,2002,22800000
Tajikistan,TJK,2003,22640000
Tajikistan,TJK,2004,0
Tajikistan,TJK,2005,610000
Tajikistan,TJK,2006,590000
Tajikistan,TJK,2007,24990000
Tajikistan,TJK,2008,38770000
Tajikistan,TJK,2009,140000
Tajikistan,TJK,2010,6710000
Tajikistan,TJK,2011,1030000
Tajikistan,TJK,2012,4139999.9999999995
Tajikistan,TJK,2013,146850000
Tajikistan,TJK,2014,460000
Tajikistan,TJK,2015,200000
Tajikistan,TJK,2016,100000
Tajikistan,TJK,2017,365930000
Tajikistan,TJK,2018,0
Tajikistan,TJK,2019,116460000
Tajikistan,TJK,2020,49990000
Tajikistan,TJK,2021,53720000
Tajikistan,TJK,2022,47880000
Tanzania,TZA,2000,230000
Tanzania,TZA,2001,2680000
Tanzania,TZA,2002,1830000
Tanzania,TZA,2003,4360000
Tanzania,TZA,2004,90000
Tanzania,TZA,2005,50000
Tanzania,TZA,2006,140000
Tanzania,TZA,2007,21980000
Tanzania,TZA,2008,66170000
Tanzania,TZA,2009,640000
Tanzania,TZA,2010,9770000
Tanzania,TZA,2011,9310000
Tanzania,TZA,2012,3900000
Tanzania,TZA,2013,185090000
Tanzania,TZA,2014,49990000
Tanzania,TZA,2015,40210000
Tanzania,TZA,2016,166760000
Tanzania,TZA,2017,28740000
Tanzania,TZA,2018,22300000
Tanzania,TZA,2019,6420000
Tanzania,TZA,2020,103470000
Tanzania,TZA,2021,339210000
Tanzania,TZA,2022,89210000
Thailand,THA,2000,170000
Thailand,THA,2001,7420000
Thailand,THA,2002,11350000
Thailand,THA,2003,4000000
Thailand,THA,2004,1690000
Thailand,THA,2005,0
Thailand,THA,2006,110000
Thailand,THA,2007,470000
Thailand,THA,2008,5180000
Thailand,THA,2009,1900000
Thailand,THA,2010,4480000
Thailand,THA,2011,305020000
Thailand,THA,2012,130360000.00000001
Thailand,THA,2013,59580000
Thailand,THA,2014,4720000
Thailand,THA,2015,60760000
Thailand,THA,2016,450000
Thailand,THA,2017,2009999.9999999998
Thailand,THA,2018,324300000
Thailand,THA,2019,108520000
Thailand,THA,2020,58280000
Thailand,THA,2021,173710000
Thailand,THA,2022,33840000
Togo,TGO,2000,0
Togo,TGO,2001,0
Togo,TGO,2002,0
Togo,TGO,2003,0
Togo,TGO,2004,0
Togo,TGO,2005,0
Togo,TGO,2006,30000
Togo,TGO,2007,0
Togo,TGO,2008,0
Togo,TGO,2009,0
Togo,TGO,2010,0
Togo,TGO,2011,0
Togo,TGO,2012,20000
Togo,TGO,2013,170000
Togo,TGO,2014,71360000
Togo,TGO,2015,5320000
Togo,TGO,2016,50000
Togo,TGO,2017,0
Togo,TGO,2018,19460000
Togo,TGO,2019,1260000
Togo,TGO,2020,18020000
Togo,TGO,2021,33000000
Togo,TGO,2022,3920000
Tokelau,TKL,2000,0
Tokelau,TKL,2001,0
Tokelau,TKL,2002,0
Tokelau,TKL,2003,0
Tokelau,TKL,2004,0
Tokelau,TKL,2005,0
Tokelau,TKL,2006,0
Tokelau,TKL,2007,0
Tokelau,TKL,2008,0
Tokelau,TKL,2009,0
Tokelau,TKL,2010,0
Tokelau,TKL,2011,6000000
Tokelau,TKL,2012,0
Tokelau,TKL,2013,0
Tokelau,TKL,2014,0
Tokelau,TKL,2015,0
Tokelau,TKL,2016,0
Tokelau,TKL,2017,0
Tokelau,TKL,2018,0
Tokelau,TKL,2019,4460000
Tokelau,TKL,2020,0
Tokelau,TKL,2021,0
Tokelau,TKL,2022,0
Tonga,TON,2000,0
Tonga,TON,2001,0
Tonga,TON,2002,0
Tonga,TON,2003,0
Tonga,TON,2004,20000
Tonga,TON,2005,860000
Tonga,TON,2006,500000
Tonga,TON,2007,0
Tonga,TON,2008,0
Tonga,TON,2009,0
Tonga,TON,2010,5660000
Tonga,TON,2011,13510000
Tonga,TON,2012,8740000
Tonga,TON,2013,17680000
Tonga,TON,2014,2820000
Tonga,TON,2015,15590000
Tonga,TON,2016,3280000
Tonga,TON,2017,20490000
Tonga,TON,2018,40540000
Tonga,TON,2019,2810000
Tonga,TON,2020,2410000
Tonga,TON,2021,2360000
Tonga,TON,2022,3120000
Trinidad and Tobago,TTO,2000,0
Trinidad and Tobago,TTO,2001,0
Trinidad and Tobago,TTO,2002,0
Trinidad and Tobago,TTO,2003,0
Trinidad and Tobago,TTO,2004,0
Trinidad and Tobago,TTO,2005,0
Trinidad and Tobago,TTO,2006,0
Trinidad and Tobago,TTO,2007,0
Trinidad and Tobago,TTO,2008,0
Trinidad and Tobago,TTO,2009,0
Trinidad and Tobago,TTO,2010,0
Trinidad and Tobago,TTO,2011,0
Trinidad and Tobago,TTO,2012,0
Trinidad and Tobago,TTO,2013,0
Trinidad and Tobago,TTO,2014,0
Trinidad and Tobago,TTO,2015,0
Trinidad and Tobago,TTO,2016,0
Trinidad and Tobago,TTO,2017,0
Trinidad and Tobago,TTO,2018,0
Trinidad and Tobago,TTO,2019,0
Trinidad and Tobago,TTO,2020,270000
Trinidad and Tobago,TTO,2021,0
Trinidad and Tobago,TTO,2022,360000
Tunisia,TUN,2000,4830000
Tunisia,TUN,2001,4900000
Tunisia,TUN,2002,5780000
Tunisia,TUN,2003,460000
Tunisia,TUN,2004,300000
Tunisia,TUN,2005,17880000
Tunisia,TUN,2006,26770000
Tunisia,TUN,2007,1770000
Tunisia,TUN,2008,258390000
Tunisia,TUN,2009,135250000
Tunisia,TUN,2010,143240000
Tunisia,TUN,2011,900000
Tunisia,TUN,2012,196960000
Tunisia,TUN,2013,10330000
Tunisia,TUN,2014,0
Tunisia,TUN,2015,9890000
Tunisia,TUN,2016,50960000
Tunisia,TUN,2017,5240000
Tunisia,TUN,2018,20880000
Tunisia,TUN,2019,125400000
Tunisia,TUN,2020,22360000
Tunisia,TUN,2021,20520000
Tunisia,TUN,2022,42890000
Turkey,TUR,2000,142400000
Turkey,TUR,2001,10000
Turkey,TUR,2002,0
Turkey,TUR,2003,0
Turkey,TUR,2004,140430000
Turkey,TUR,2005,370000
Turkey,TUR,2006,250000
Turkey,TUR,2007,1780000
Turkey,TUR,2008,74240000
Turkey,TUR,2009,539980000
Turkey,TUR,2010,311220000
Turkey,TUR,2011,878660000
Turkey,TUR,2012,306560000
Turkey,TUR,2013,654630000
Turkey,TUR,2014,587430000
Turkey,TUR,2015,471670000
Turkey,TUR,2016,1601500000
Turkey,TUR,2017,442030000
Turkey,TUR,2018,1203810000
Turkey,TUR,2019,354520000
Turkey,TUR,2020,391690000
Turkey,TUR,2021,414960000
Turkey,TUR,2022,252950000
Turkmenistan,TKM,2000,0
Turkmenistan,TKM,2001,0
Turkmenistan,TKM,2002,0
Turkmenistan,TKM,2003,0
Turkmenistan,TKM,2004,0
Turkmenistan,TKM,2005,0
Turkmenistan,TKM,2006,0
Turkmenistan,TKM,2007,0
Turkmenistan,TKM,2008,0
Turkmenistan,TKM,2009,40000
Turkmenistan,TKM,2010,0
Turkmenistan,TKM,2011,0
Turkmenistan,TKM,2012,0
Turkmenistan,TKM,2013,6480000
Turkmenistan,TKM,2014,50000
Turkmenistan,TKM,2015,130000
Turkmenistan,TKM,2016,90000
Turkmenistan,TKM,2017,70000
Turkmenistan,TKM,2018,0
Turkmenistan,TKM,2019,40000
Turkmenistan,TKM,2020,0
Turkmenistan,TKM,2021,30000
Turkmenistan,TKM,2022,2460000
Tuvalu,TUV,2000,0
Tuvalu,TUV,2001,0
Tuvalu,TUV,2002,0
Tuvalu,TUV,2003,0
Tuvalu,TUV,2004,0
Tuvalu,TUV,2005,0
Tuvalu,TUV,2006,0
Tuvalu,TUV,2007,0
Tuvalu,TUV,2008,30000
Tuvalu,TUV,2009,10000
Tuvalu,TUV,2010,600000
Tuvalu,TUV,2011,10000
Tuvalu,TUV,2012,2550000
Tuvalu,TUV,2013,5200000
Tuvalu,TUV,2014,22790000
Tuvalu,TUV,2015,9380000
Tuvalu,TUV,2016,0
Tuvalu,TUV,2017,0
Tuvalu,TUV,2018,430000
Tuvalu,TUV,2019,6750000
Tuvalu,TUV,2020,50000
Tuvalu,TUV,2021,3000000
Tuvalu,TUV,2022,90000
Uganda,UGA,2000,29150000
Uganda,UGA,2001,7220000
Uganda,UGA,2002,4230000
Uganda,UGA,2003,710000
Uganda,UGA,2004,40000
Uganda,UGA,2005,80000
Uganda,UGA,2006,70000
Uganda,UGA,2007,564050000
Uganda,UGA,2008,22160000
Uganda,UGA,2009,81790000
Uganda,UGA,2010,32759999.999999996
Uganda,UGA,2011,29930000
Uganda,UGA,2012,26530000
Uganda,UGA,2013,45600000
Uganda,UGA,2014,36030000
Uganda,UGA,2015,1666910000
Uganda,UGA,2016,206900000
Uganda,UGA,2017,102480000
Uganda,UGA,2018,572710000
Uganda,UGA,2019,74890000
Uganda,UGA,2020,23020000
Uganda,UGA,2021,4220000
Uganda,UGA,2022,566030000
Ukraine,UKR,2000,0
Ukraine,UKR,2001,0
Ukraine,UKR,2002,0
Ukraine,UKR,2003,0
Ukraine,UKR,2004,0
Ukraine,UKR,2005,139780000
Ukraine,UKR,2006,0
Ukraine,UKR,2007,0
Ukraine,UKR,2008,270000
Ukraine,UKR,2009,63650000
Ukraine,UKR,2010,1320000
Ukraine,UKR,2011,32409999.999999996
Ukraine,UKR,2012,26520000
Ukraine,UKR,2013,51480000
Ukraine,UKR,2014,89490000
Ukraine,UKR,2015,12560000
Ukraine,UKR,2016,268640000
Ukraine,UKR,2017,82270000
Ukraine,UKR,2018,679140000
Ukraine,UKR,2019,520679999.99999994
Ukraine,UKR,2020,44650000
Ukraine,UKR,2021,284820000
Ukraine,UKR,2022,66209999.99999999
Uruguay,URY,2000,0
Uruguay,URY,2001,1430000
Uruguay,URY,2002,0
Uruguay,URY,2003,25630000
Uruguay,URY,2004,0
Uruguay,URY,2005,0
Uruguay,URY,2006,0
Uruguay,URY,2007,970000
Uruguay,URY,2008,0
Uruguay,URY,2009,6770000
Uruguay,URY,2010,1220000
Uruguay,URY,2011,8490000
Uruguay,URY,2012,317820000
Uruguay,URY,2013,227930000
Uruguay,URY,2014,235560000
Uruguay,URY,2015,226390000
Uruguay,URY,2016,76490000
Uruguay,URY,2017,20010000
Uruguay,URY,2018,0
Uruguay,URY,2019,220000
Uruguay,URY,2020,0
Uruguay,URY,2021,0
Uruguay,URY,2022,0
Uzbekistan,UZB,2000,0
Uzbekistan,UZB,2001,0
Uzbekistan,UZB,2002,0
Uzbekistan,UZB,2003,0
Uzbekistan,UZB,2004,250000
Uzbekistan,UZB,2005,0
Uzbekistan,UZB,2006,0
Uzbekistan,UZB,2007,28700000
Uzbekistan,UZB,2008,0
Uzbekistan,UZB,2009,0
Uzbekistan,UZB,2010,230970000
Uzbekistan,UZB,2011,0
Uzbekistan,UZB,2012,103280000
Uzbekistan,UZB,2013,214910000
Uzbekistan,UZB,2014,0
Uzbekistan,UZB,2015,300000
Uzbekistan,UZB,2016,760000
Uzbekistan,UZB,2017,67680000
Uzbekistan,UZB,2018,1040000
Uzbekistan,UZB,2019,2150000
Uzbekistan,UZB,2020,227460000
Uzbekistan,UZB,2021,102000000
Uzbekistan,UZB,2022,756220000
Vanuatu,VUT,2000,0
Vanuatu,VUT,2001,0
Vanuatu,VUT,2002,0
Vanuatu,VUT,2003,0
Vanuatu,VUT,2004,0
Vanuatu,VUT,2005,0
Vanuatu,VUT,2006,0
Vanuatu,VUT,2007,12710000
Vanuatu,VUT,2008,30000
Vanuatu,VUT,2009,0
Vanuatu,VUT,2010,970000
Vanuatu,VUT,2011,0
Vanuatu,VUT,2012,3360000
Vanuatu,VUT,2013,5190000
Vanuatu,VUT,2014,9510000
Vanuatu,VUT,2015,7950000
Vanuatu,VUT,2016,0
Vanuatu,VUT,2017,19570000
Vanuatu,VUT,2018,1960000
Vanuatu,VUT,2019,1030000
Vanuatu,VUT,2020,60000
Vanuatu,VUT,2021,2009999.9999999998
Vanuatu,VUT,2022,36610000
Venezuela,VEN,2000,910000
Venezuela,VEN,2001,0
Venezuela,VEN,2002,0
Venezuela,VEN,2003,0
Venezuela,VEN,2004,20000
Venezuela,VEN,2005,0
Venezuela,VEN,2006,883850000
Venezuela,VEN,2007,0
Venezuela,VEN,2008,0
Venezuela,VEN,2009,210000
Venezuela,VEN,2010,1390760000
Venezuela,VEN,2011,383480000
Venezuela,VEN,2012,10000
Venezuela,VEN,2013,10000
Venezuela,VEN,2014,4760000
Venezuela,VEN,2015,390000
Venezuela,VEN,2016,0
Venezuela,VEN,2017,0
Venezuela,VEN,2018,430000
Venezuela,VEN,2019,0
Venezuela,VEN,2020,0
Venezuela,VEN,2021,40000
Venezuela,VEN,2022,0
Vietnam,VNM,2000,10000
Vietnam,VNM,2001,102080000
Vietnam,VNM,2002,43600000
Vietnam,VNM,2003,170000
Vietnam,VNM,2004,220580000
Vietnam,VNM,2005,5650000
Vietnam,VNM,2006,1660000
Vietnam,VNM,2007,60000
Vietnam,VNM,2008,209950000
Vietnam,VNM,2009,480280000
Vietnam,VNM,2010,112870000
Vietnam,VNM,2011,295840000
Vietnam,VNM,2012,1480000
Vietnam,VNM,2013,100270000
Vietnam,VNM,2014,260560000
Vietnam,VNM,2015,6840000
Vietnam,VNM,2016,330260000
Vietnam,VNM,2017,29680000
Vietnam,VNM,2018,115870000
Vietnam,VNM,2019,264670000.00000003
Vietnam,VNM,2020,183070000
Vietnam,VNM,2021,447450000
Vietnam,VNM,2022,186380000
Wallis and Futuna,WLF,2000,0
Wallis and Futuna,WLF,2001,0
Wallis and Futuna,WLF,2002,0
Wallis and Futuna,WLF,2003,0
Wallis and Futuna,WLF,2004,0
Wallis and Futuna,WLF,2005,0
Wallis and Futuna,WLF,2006,0
Wallis and Futuna,WLF,2007,0
Wallis and Futuna,WLF,2008,0
Wallis and Futuna,WLF,2009,0
Wallis and Futuna,WLF,2010,0
Wallis and Futuna,WLF,2011,0
Wallis and Futuna,WLF,2012,0
Wallis and Futuna,WLF,2013,0
Wallis and Futuna,WLF,2014,0
Wallis and Futuna,WLF,2015,0
Wallis and Futuna,WLF,2016,0
Wallis and Futuna,WLF,2017,0
Wallis and Futuna,WLF,2018,0
Wallis and Futuna,WLF,2019,0
Wallis and Futuna,WLF,2020,0
Wallis and Futuna,WLF,2021,0
Wallis and Futuna,WLF,2022,0
World,OWID_WRL,2000,1534650000
World,OWID_WRL,2001,1738780000
World,OWID_WRL,2002,1283050000
World,OWID_WRL,2003,2877580000
World,OWID_WRL,2004,1722660000
World,OWID_WRL,2005,2771730000
World,OWID_WRL,2006,3231220000
World,OWID_WRL,2007,4390780000
World,OWID_WRL,2008,4066480000
World,OWID_WRL,2009,4896050000
World,OWID_WRL,2010,11334080000
World,OWID_WRL,2011,12825860000
World,OWID_WRL,2012,10085080000
World,OWID_WRL,2013,13321840000
World,OWID_WRL,2014,18076290000
World,OWID_WRL,2015,12329420000
World,OWID_WRL,2016,28454130000
World,OWID_WRL,2017,22839840000
World,OWID_WRL,2018,17680260000
World,OWID_WRL,2019,12757790000
World,OWID_WRL,2020,12151090000
World,OWID_WRL,2021,12384890000
World,OWID_WRL,2022,15432510000
Yemen,YEM,2000,1650000
Yemen,YEM,2001,40000
Yemen,YEM,2002,0
Yemen,YEM,2003,0
Yemen,YEM,2004,120000
Yemen,YEM,2005,150000
Yemen,YEM,2006,140000
Yemen,YEM,2007,130000
Yemen,YEM,2008,170000
Yemen,YEM,2009,11670000
Yemen,YEM,2010,350000
Yemen,YEM,2011,0
Yemen,YEM,2012,87050000
Yemen,YEM,2013,720000
Yemen,YEM,2014,20410000
Yemen,YEM,2015,0
Yemen,YEM,2016,0
Yemen,YEM,2017,10000
Yemen,YEM,2018,61050000
Yemen,YEM,2019,1310000
Yemen,YEM,2020,1140000
Yemen,YEM,2021,8289999.999999999
Yemen,YEM,2022,134600000
Zambia,ZMB,2000,10000
Zambia,ZMB,2001,0
Zambia,ZMB,2002,0
Zambia,ZMB,2003,0
Zambia,ZMB,2004,2790000
Zambia,ZMB,2005,11340000
Zambia,ZMB,2006,100000
Zambia,ZMB,2007,30000
Zambia,ZMB,2008,503370000
Zambia,ZMB,2009,160000
Zambia,ZMB,2010,7740000
Zambia,ZMB,2011,86950000
Zambia,ZMB,2012,8750000
Zambia,ZMB,2013,207720000
Zambia,ZMB,2014,258440000
Zambia,ZMB,2015,85980000
Zambia,ZMB,2016,120880000
Zambia,ZMB,2017,1937160000
Zambia,ZMB,2018,58400000
Zambia,ZMB,2019,87960000
Zambia,ZMB,2020,13770000
Zambia,ZMB,2021,11330000
Zambia,ZMB,2022,23820000
Zimbabwe,ZWE,2000,40000
Zimbabwe,ZWE,2001,310000
Zimbabwe,ZWE,2002,0
Zimbabwe,ZWE,2003,10000
Zimbabwe,ZWE,2004,0
Zimbabwe,ZWE,2005,550000
Zimbabwe,ZWE,2006,0
Zimbabwe,ZWE,2007,0
Zimbabwe,ZWE,2008,0
Zimbabwe,ZWE,2009,20000
Zimbabwe,ZWE,2010,0
Zimbabwe,ZWE,2011,1140000
Zimbabwe,ZWE,2012,0
Zimbabwe,ZWE,2013,358500000
Zimbabwe,ZWE,2014,19650000
Zimbabwe,ZWE,2015,0
Zimbabwe,ZWE,2016,40000
Zimbabwe,ZWE,2017,6450000
Zimbabwe,ZWE,2018,10000
Zimbabwe,ZWE,2019,270000
Zimbabwe,ZWE,2020,60000
Zimbabwe,ZWE,2021,10000
Zimbabwe,ZWE,2022,3750000